"ID,State,Repair ,Reason,YEAR ,Make,Body Type"
"0000015241383936,AL,Battery replacmVehicleent,Dead battery,2016,RAM ,""1500 4WD Quad Cab 140.5"""" SLT"""
"0000015241383936,AL,Dent Repair  Left Fender,Collision,2016,RAM ,""1500 4WD Quad Cab 140.5"""" SLT"""
"0000060965535744,AL,Battery replacment,Dead battery,2016,RAM ,""1500 4WD Quad Cab 140.5"""" SLT"""
"0000060965535744,AL,Tire repair,Flat- reparable,2016,RAM ,""1500 4WD Quad Cab 140.5"""" SLT"""
"0000060965535744,AL,Tire replacement,Flat- hole not reparable,2016,RAM ,""1500 4WD Quad Cab 140.5"""" SLT"""
"0000137172455424,AL,Battery replacment,Dead battery,2017,Chevrolet Silverado ,""1500 4WD Double Cab 143.5"""" LT w/1LT"""
"0000137172455424,AL,Windshield replacement,Crack,2017,Chevrolet Silverado ,""1500 4WD Double Cab 143.5"""" LT w/1LT"""
"0000243862142976,AL,Dent Repair Rear,Collision,2019,RAM ,""1500 Classic SLT 4X2 Crew Cab 6'4"""" Box"""
"0000381034598400,AR,Windshield replacement,Crack,2016,RAM ,""1500 4WD Quad Cab 140.5"""" SLT"""
"0000548689821696,AR,Tire repair,Flat- reparable,2016,RAM ,""1500 4WD Quad Cab 140.5"""" SLT"""
"0000548689821696,AR,Windshield replacement,Crack,2016,RAM ,""1500 4WD Quad Cab 140.5"""" SLT"""
"0000746827812864,AR,Battery replacment,Dead battery,2017,Chevrolet Silverado ,""1500 4WD Double Cab 143.5"""" LT w/1LT"""
"0000746827812864,AR,Dent Repair  Left Fender,Collision,2017,Chevrolet Silverado ,""1500 4WD Double Cab 143.5"""" LT w/1LT"""
"0000746827812864,AR,Tire repair,Flat- reparable,2017,Chevrolet Silverado ,""1500 4WD Double Cab 143.5"""" LT w/1LT"""
"0000746827812864,AR,Tire replacement,Flat- hole not reparable,2017,Chevrolet Silverado ,""1500 4WD Double Cab 143.5"""" LT w/1LT"""
"0000975448571904,AR,Tire replacement,Flat- hole not reparable,2018,Chevrolet Silverado ,""1500 2WD Double Cab 143.5"""" LT w/1LT"""
"0001234552098816,AR,Tire replacement,Flat- hole not reparable,2018,RAM ,""1500 SLT 4X2 Quad Cab 6'4"""" Box"""
"0001524138393600,AR,Tire replacement,Flat- hole not reparable,2019,RAM ,""1500 Classic SLT 4X2 Crew Cab 6'4"""" Box"""
"0001844207456256,AZ,Battery replacment,Dead battery,2016,RAM ,""1500 4WD Quad Cab 140.5"""" SLT"""
"0001844207456256,AZ,Tire repair,Flat- reparable,2016,RAM ,""1500 4WD Quad Cab 140.5"""" SLT"""
"0001844207456256,AZ,Tire repair,Flat- reparable,2016,RAM ,""1500 4WD Quad Cab 140.5"""" SLT"""
"0001844207456256,AZ,Windshield replacement,Crack,2016,RAM ,""1500 4WD Quad Cab 140.5"""" SLT"""
"0002194759286784,AZ,Tire repair,Flat- reparable,2016,RAM ,""1500 4WD Quad Cab 140.5"""" SLT"""
"0002194759286784,AZ,Tire repair,Flat- reparable,2016,RAM ,""1500 4WD Quad Cab 140.5"""" SLT"""
"0002194759286784,AZ,Tire replacement,Flat- hole not reparable,2016,RAM ,""1500 4WD Quad Cab 140.5"""" SLT"""
"0002575793885184,AZ,Battery replacment,Dead battery,2017,Chevrolet Silverado ,""1500 4WD Double Cab 143.5"""" LT w/1LT"""
"0002575793885184,AZ,Tire repair,Flat- reparable,2017,Chevrolet Silverado ,""1500 4WD Double Cab 143.5"""" LT w/1LT"""
"0002575793885184,AZ,Tire repair,Flat- reparable,2017,Chevrolet Silverado ,""1500 4WD Double Cab 143.5"""" LT w/1LT"""
"0002575793885184,AZ,Tire replacement,Flat- hole not reparable,2017,Chevrolet Silverado ,""1500 4WD Double Cab 143.5"""" LT w/1LT"""
"0002987311251456,AZ,Tire repair,Flat- reparable,2018,Chevrolet Silverado ,""1500 2WD Double Cab 143.5"""" LT w/1LT"""
"0002987311251456,AZ,Tire replacement,Flat- hole not reparable,2018,Chevrolet Silverado ,""1500 2WD Double Cab 143.5"""" LT w/1LT"""
"0003429311385600,AZ,Dent Repair  Left Fender,Collision,2018,RAM ,""1500 SLT 4X2 Quad Cab 6'4"""" Box"""
"0003429311385600,AZ,Tire repair,Flat- reparable,2018,RAM ,""1500 SLT 4X2 Quad Cab 6'4"""" Box"""
"0003429311385600,AZ,Tire replacement,Flat- hole not reparable,2018,RAM ,""1500 SLT 4X2 Quad Cab 6'4"""" Box"""
"0003901794287616,AZ,Tire repair,Flat- reparable,2019,Chevrolet Silverado ,1500 LD 4WD Double Cab LT w/1LT"
"0003901794287616,AZ,Tire replacement,Flat- hole not reparable,2019,Chevrolet Silverado ,1500 LD 4WD Double Cab LT w/1LT"
"0004404759957504,AZ,Tire repair,Flat- reparable,2019,RAM ,""1500 Classic SLT 4X2 Crew Cab 6'4"""" Box"""
"0004938208395264,CA,Windshield replacement,Crack,2016,RAM ,""1500 4WD Quad Cab 140.5"""" SLT"""
"0005502139600896,CA,Windshield replacement,Crack,2016,RAM ,""1500 4WD Quad Cab 140.5"""" SLT"""
"0006096553574400,CA,Fender replacement ,Rust,2016,RAM ,""1500 4WD Quad Cab 140.5"""" SLT"""
"0006096553574400,CA,Windshield replacement,Crack,2016,RAM ,""1500 4WD Quad Cab 140.5"""" SLT"""
"0006721450315776,CA,Dent Repair  Left Fender,Collision,2018,Chevrolet Silverado ,""1500 2WD Double Cab 143.5"""" LT w/1LT"""
"0007376829825024,CA,Wheel Arch,Rust,2018,RAM ,""1500 SLT 4X2 Quad Cab 6'4"""" Box"""
"0008062692102144,CA,Dent Repair Rear,Collision,2019,Chevrolet Silverado ,1500 LD 4WD Double Cab LT w/1LT"
"0008779037147136,CA,Dent Repair  Left Fender,Collision,2019,RAM ,""1500 Classic SLT 4X2 Crew Cab 6'4"""" Box"""
"0009525864960000,CO,Windshield replacement,Crack,2016,RAM ,""1500 4WD Quad Cab 140.5"""" SLT"""
"0010303175540736,CO,Windshield replacement,Crack,2016,RAM ,""1500 4WD Quad Cab 140.5"""" SLT"""
"0011110968889344,CO,Battery replacment,Dead battery,2016,RAM ,""1500 4WD Quad Cab 140.5"""" SLT"""
"0011110968889344,AZ,Tire replacement,Flat- hole not reparable,2019,RAM ,""1500 Classic SLT 4X2 Crew Cab 6'4"""" Box"""
"0011110968889344,CO,Windshield replacement,Crack,2016,RAM ,""1500 4WD Quad Cab 140.5"""" SLT"""
"0011949245005824,CO,Windshield replacement,Crack,2017,Chevrolet Silverado ,""1500 4WD Double Cab 143.5"""" LT w/1LT"""
"0012818003890176,CO,Battery replacment,Dead battery,2017,Chevrolet Silverado ,""1500 4WD Double Cab 143.5"""" LT w/1LT"""
"0013717245542400,CO,Tire repair,Flat- reparable,2017,Chevrolet Silverado ,""1500 4WD Double Cab 143.5"""" LT w/1LT"""
"0014646969962496,CO,Tire repair,Flat- reparable,2018,RAM ,""1500 SLT 4X2 Quad Cab 6'4"""" Box"""
"0015607177150464,CO,Dent Repair  Left Fender,Collision,2019,Chevrolet Silverado ,1500 LD 4WD Double Cab LT w/1LT"
"0015607177150464,CO,Windshield replacement,Crack,2018,RAM ,""1500 SLT 4X2 Quad Cab 6'4"""" Box"""
"0016597867106304,CT,Brake line replacement,Corrosion,2016,RAM ,""1500 4WD Quad Cab 140.5"""" SLT"""
"0016597867106304,CT,Fuel Tank,Hole,2016,RAM ,""1500 4WD Quad Cab 140.5"""" SLT"""
"0016597867106304,CT,Wheel Arch,Rust,2016,RAM ,""1500 4WD Quad Cab 140.5"""" SLT"""
"0017619039830016,CT,Brake line replacement,Corrosion,2016,RAM ,""1500 4WD Quad Cab 140.5"""" SLT"""
"0017619039830016,CT,Cab corner panel,Rust,2016,RAM ,""1500 4WD Quad Cab 140.5"""" SLT"""
"0018670695321600,CT,Brake line replacement,Corrosion,2016,RAM ,""1500 4WD Quad Cab 140.5"""" SLT"""
"0018670695321600,CT,Fender replacement ,Rust,2016,RAM ,""1500 4WD Quad Cab 140.5"""" SLT"""
"0019752833581056,CT,Brake line replacement,Corrosion,2016,RAM ,""1500 4WD Quad Cab 140.5"""" SLT"""
"0019752833581056,CT,Shocks,Rust,2016,RAM ,""1500 4WD Quad Cab 140.5"""" SLT"""
"0019752833581056,CT,Struts,Rust,2016,RAM ,""1500 4WD Quad Cab 140.5"""" SLT"""
"0020865454608384,CT,Brake line replacement,Corrosion,2017,Chevrolet Silverado ,""1500 4WD Double Cab 143.5"""" LT w/1LT"""
"0020865454608384,CT,Fuel Tank,Corrosion,2017,Chevrolet Silverado ,""1500 4WD Double Cab 143.5"""" LT w/1LT"""
"0022008558403584,CT,Brake line replacement,Corrosion,2017,Chevrolet Silverado ,""1500 4WD Double Cab 143.5"""" LT w/1LT"""
"0022008558403584,CT,Rocker Panel,Rust,2017,Chevrolet Silverado ,""1500 4WD Double Cab 143.5"""" LT w/1LT"""
"0023182144966656,CT,Brake line replacement,Corrosion,2017,Chevrolet Silverado ,""1500 4WD Double Cab 143.5"""" LT w/1LT"""
"0024386214297600,CT,Brake line replacement,Corrosion,2017,Chevrolet Silverado ,""1500 4WD Double Cab 143.5"""" LT w/1LT"""
"0025620766396416,CT,Brake line replacement,Corrosion,2017,Chevrolet Silverado ,""1500 4WD Double Cab 143.5"""" LT w/1LT"""
"0026885801263104,CT,Brake line replacement,Corrosion,2017,Chevrolet Silverado ,""1500 4WD Double Cab 143.5"""" LT w/1LT"""
"0028181318897664,CT,Brake line replacement,Corrosion,2017,Chevrolet Silverado ,""1500 4WD Double Cab 143.5"""" LT w/1LT"""
"0029507319300096,CT,Dent Repair Rear,Collision,2018,RAM ,""1500 SLT 4X2 Quad Cab 6'4"""" Box"""
"0030863802470400,CT,Fuel Tank,Hole,2019,Chevrolet Silverado ,1500 LD 4WD Double Cab LT w/1LT"
"0032250768408576,CT,Brake line replacement,Corrosion,2019,RAM ,""1500 Classic SLT 4X2 Crew Cab 6'4"""" Box"""
"0032250768408576,CT,Tire repair,Flat- reparable,2019,RAM ,""1500 Classic SLT 4X2 Crew Cab 6'4"""" Box"""
"0033668217114624,DC,Brake line replacement,Corrosion,2016,RAM ,""1500 4WD Quad Cab 140.5"""" SLT"""
"0033668217114624,DC,Fuel Tank,Corrosion,2016,RAM ,""1500 4WD Quad Cab 140.5"""" SLT"""
"0033668217114624,DC,Shocks,Rust,2016,RAM ,""1500 4WD Quad Cab 140.5"""" SLT"""
"0033668217114624,DC,Struts,Rust,2016,RAM ,""1500 4WD Quad Cab 140.5"""" SLT"""
"0033668217114624,DC,Tire replacement,Flat- hole not reparable,2016,RAM ,""1500 4WD Quad Cab 140.5"""" SLT"""
"0035116148588544,DC,Brake line replacement,Corrosion,2017,Chevrolet Silverado ,""1500 4WD Double Cab 143.5"""" LT w/1LT"""
"0035116148588544,DC,Cab corner panel,Rust,2017,Chevrolet Silverado ,""1500 4WD Double Cab 143.5"""" LT w/1LT"""
"0035116148588544,DC,Fuel Tank,Hole,2017,Chevrolet Silverado ,""1500 4WD Double Cab 143.5"""" LT w/1LT"""
"0036594562830336,DC,Brake line replacement,Corrosion,2017,Chevrolet Silverado ,""1500 4WD Double Cab 143.5"""" LT w/1LT"""
"0036594562830336,DC,Fender replacement ,Rust,2017,Chevrolet Silverado ,""1500 4WD Double Cab 143.5"""" LT w/1LT"""
"0036594562830336,DC,Rocker Panel,Rust,2017,Chevrolet Silverado ,""1500 4WD Double Cab 143.5"""" LT w/1LT"""
"0036594562830336,DC,Wheel Arch,Rust,2017,Chevrolet Silverado ,""1500 4WD Double Cab 143.5"""" LT w/1LT"""
"0038103459840000,DC,Brake line replacement,Corrosion,2017,Chevrolet Silverado ,""1500 4WD Double Cab 143.5"""" LT w/1LT"""
"0038103459840000,DC,Dent Repair Rear,Collision,2018,Chevrolet Silverado ,""1500 2WD Double Cab 143.5"""" LT w/1LT"""
"0039642839617536,DC,Brake line replacement,Corrosion,2017,Chevrolet Silverado ,""1500 4WD Double Cab 143.5"""" LT w/1LT"""
"0041212702162944,DC,Brake line replacement,Corrosion,2017,Chevrolet Silverado ,""1500 4WD Double Cab 143.5"""" LT w/1LT"""
"0042813047476224,DC,Brake line replacement,Corrosion,2017,Chevrolet Silverado ,""1500 4WD Double Cab 143.5"""" LT w/1LT"""
"0044443875557376,DC,Brake line replacement,Corrosion,2017,Chevrolet Silverado ,""1500 4WD Double Cab 143.5"""" LT w/1LT"""
"0046105186406400,DC,Brake line replacement,Corrosion,2017,Chevrolet Silverado ,""1500 4WD Double Cab 143.5"""" LT w/1LT"""
"0047796980023296,DC,Brake line replacement,Corrosion,2017,Chevrolet Silverado ,""1500 4WD Double Cab 143.5"""" LT w/1LT"""
"0049519256408064,DC,Wheel Arch,Rust,2018,RAM ,""1500 SLT 4X2 Quad Cab 6'4"""" Box"""
"0051272015560704,DC,Tire replacement,Flat- hole not reparable,2019,Chevrolet Silverado ,1500 LD 4WD Double Cab LT w/1LT"
"0053055257481216,DE,Brake line replacement,Corrosion,2016,RAM ,""1500 4WD Quad Cab 140.5"""" SLT"""
"0053055257481216,DE,Dent Repair  Left Fender,Collision,2016,RAM ,""1500 4WD Quad Cab 140.5"""" SLT"""
"0054868982169600,DE,Brake line replacement,Corrosion,2016,RAM ,""1500 4WD Quad Cab 140.5"""" SLT"""
"0054868982169600,DE,Rocker Panel,Rust,2016,RAM ,""1500 4WD Quad Cab 140.5"""" SLT"""
"0056713189625856,DE,Brake line replacement,Corrosion,2016,RAM ,""1500 4WD Quad Cab 140.5"""" SLT"""
"0056713189625856,DE,Fender replacement ,Rust,2016,RAM ,""1500 4WD Quad Cab 140.5"""" SLT"""
"0056713189625856,DE,Shocks,Rust,2016,RAM ,""1500 4WD Quad Cab 140.5"""" SLT"""
"0056713189625856,DE,Struts,Rust,2016,RAM ,""1500 4WD Quad Cab 140.5"""" SLT"""
"0056713189625856,DE,Wheel Arch,Rust,2016,RAM ,""1500 4WD Quad Cab 140.5"""" SLT"""
"0058587879849984,DE,Cab corner panel,Rust,2016,RAM ,""1500 4WD Quad Cab 140.5"""" SLT"""
"0058587879849984,DE,Dent Repair  Left Fender,Collision,2017,Chevrolet Silverado ,""1500 4WD Double Cab 143.5"""" LT w/1LT"""
"0060493052841984,DE,Brake line replacement,Corrosion,2017,Chevrolet Silverado ,""1500 4WD Double Cab 143.5"""" LT w/1LT"""
"0060493052841984,DE,Fuel Tank,Corrosion,2017,Chevrolet Silverado ,""1500 4WD Double Cab 143.5"""" LT w/1LT"""
"0062428708601856,DE,Brake line replacement,Corrosion,2017,Chevrolet Silverado ,""1500 4WD Double Cab 143.5"""" LT w/1LT"""
"0062428708601856,DE,Fuel Tank,Corrosion,2017,Chevrolet Silverado ,""1500 4WD Double Cab 143.5"""" LT w/1LT"""
"0064394847129600,DE,Brake line replacement,Corrosion,2017,Chevrolet Silverado ,""1500 4WD Double Cab 143.5"""" LT w/1LT"""
"0064394847129600,DE,Fuel Tank,Corrosion,2017,Chevrolet Silverado ,""1500 4WD Double Cab 143.5"""" LT w/1LT"""
"0066391468425216,DE,Fuel Tank,Corrosion,2017,Chevrolet Silverado ,""1500 4WD Double Cab 143.5"""" LT w/1LT"""
"0068418572488704,DE,Fuel Tank,Corrosion,2017,Chevrolet Silverado ,""1500 4WD Double Cab 143.5"""" LT w/1LT"""
"0070476159320064,DE,Fuel Tank,Hole,2018,RAM ,""1500 SLT 4X2 Quad Cab 6'4"""" Box"""
"0072564228919296,DE,Tire repair,Flat- reparable,2019,Chevrolet Silverado ,1500 LD 4WD Double Cab LT w/1LT"
"0074682781286400,FL,Battery replacment,Dead battery,2016,RAM ,""1500 4WD Quad Cab 140.5"""" SLT"""
"0076831816421376,FL,Fender replacement ,Rust,2016,RAM ,""1500 4WD Quad Cab 140.5"""" SLT"""
"0076831816421376,FL,Tire repair,Flat- reparable,2016,RAM ,""1500 4WD Quad Cab 140.5"""" SLT"""
"0079011334324224,FL,Battery replacment,Dead battery,2017,Chevrolet Silverado ,""1500 4WD Double Cab 143.5"""" LT w/1LT"""
"0079011334324224,FL,Tire repair,Flat- reparable,2017,Chevrolet Silverado ,""1500 4WD Double Cab 143.5"""" LT w/1LT"""
"0079011334324224,FL,Tire replacement,Flat- hole not reparable,2017,Chevrolet Silverado ,""1500 4WD Double Cab 143.5"""" LT w/1LT"""
"0081221334994944,FL,Tire repair,Flat- reparable,2018,Chevrolet Silverado ,""1500 2WD Double Cab 143.5"""" LT w/1LT"""
"0081221334994944,FL,Tire replacement,Flat- hole not reparable,2018,Chevrolet Silverado ,""1500 2WD Double Cab 143.5"""" LT w/1LT"""
"0083461818433536,FL,Dent Repair  Left Fender,Collision,2018,RAM ,""1500 SLT 4X2 Quad Cab 6'4"""" Box"""
"0083461818433536,FL,Tire repair,Flat- reparable,2018,RAM ,""1500 SLT 4X2 Quad Cab 6'4"""" Box"""
"0083461818433536,FL,Tire replacement,Flat- hole not reparable,2018,RAM ,""1500 SLT 4X2 Quad Cab 6'4"""" Box"""
"0083461818433536,FL,Wheel Arch,Rust,2018,RAM ,""1500 SLT 4X2 Quad Cab 6'4"""" Box"""
"0085732784640000,FL,Tire repair,Flat- reparable,2019,RAM ,""1500 Classic SLT 4X2 Crew Cab 6'4"""" Box"""
"0088034233614336,GA,Battery replacment,Dead battery,2016,RAM ,""1500 4WD Quad Cab 140.5"""" SLT"""
"0090366165356544,GA,Windshield replacement,Crack,2018,Chevrolet Silverado ,""1500 2WD Double Cab 143.5"""" LT w/1LT"""
"0092728579866624,GA,Tire replacement,Flat- hole not reparable,2019,Chevrolet Silverado ,1500 LD 4WD Double Cab LT w/1LT"
"0095121477144576,GA,Tire replacement,Flat- hole not reparable,2019,RAM ,""1500 Classic SLT 4X2 Crew Cab 6'4"""" Box"""
"0095121477144576,GA,Windshield replacement,Crack,2019,RAM ,""1500 Classic SLT 4X2 Crew Cab 6'4"""" Box"""
"0097544857190400,IA,Cab corner panel,Rust,2016,RAM ,""1500 4WD Quad Cab 140.5"""" SLT"""
"0097544857190400,IA,Fender replacement ,Rust,2016,RAM ,""1500 4WD Quad Cab 140.5"""" SLT"""
"0097544857190400,IA,Shocks,Rust,2016,RAM ,""1500 4WD Quad Cab 140.5"""" SLT"""
"0097544857190400,IA,Struts,Rust,2016,RAM ,""1500 4WD Quad Cab 140.5"""" SLT"""
"0097544857190400,IA,Tire repair,Flat- reparable,2016,RAM ,""1500 4WD Quad Cab 140.5"""" SLT"""
"0099998720004096,IA,Struts,Rust,2016,RAM ,""1500 4WD Quad Cab 140.5"""" SLT"""
"0099998720004096,IA,Wheel Arch,Rust,2016,RAM ,""1500 4WD Quad Cab 140.5"""" SLT"""
"0102483065585664,IA,Battery replacment,Dead battery,2017,Chevrolet Silverado ,""1500 4WD Double Cab 143.5"""" LT w/1LT"""
"0102483065585664,IA,Brake line replacement,Corrosion,2017,Chevrolet Silverado ,""1500 4WD Double Cab 143.5"""" LT w/1LT"""
"0102483065585664,IA,Fuel Tank,Corrosion,2017,Chevrolet Silverado ,""1500 4WD Double Cab 143.5"""" LT w/1LT"""
"0104997893935104,IA,Brake line replacement,Corrosion,2017,Chevrolet Silverado ,""1500 4WD Double Cab 143.5"""" LT w/1LT"""
"0104997893935104,IA,Cab corner panel,Rust,2017,Chevrolet Silverado ,""1500 4WD Double Cab 143.5"""" LT w/1LT"""
"0104997893935104,IA,Fender replacement ,Rust,2017,Chevrolet Silverado ,""1500 4WD Double Cab 143.5"""" LT w/1LT"""
"0104997893935104,IA,Fuel Tank,Corrosion,2017,Chevrolet Silverado ,""1500 4WD Double Cab 143.5"""" LT w/1LT"""
"0104997893935104,IA,Rocker Panel,Rust,2017,Chevrolet Silverado ,""1500 4WD Double Cab 143.5"""" LT w/1LT"""
"0107543205052416,IA,Fuel Tank,Corrosion,2017,Chevrolet Silverado ,""1500 4WD Double Cab 143.5"""" LT w/1LT"""
"0107543205052416,IA,Rocker Panel,Rust,2017,Chevrolet Silverado ,""1500 4WD Double Cab 143.5"""" LT w/1LT"""
"0107543205052416,IA,Wheel Arch,Rust,2017,Chevrolet Silverado ,""1500 4WD Double Cab 143.5"""" LT w/1LT"""
"0110118998937600,IA,Fuel Tank,Corrosion,2017,Chevrolet Silverado ,""1500 4WD Double Cab 143.5"""" LT w/1LT"""
"0112725275590656,IA,Fuel Tank,Corrosion,2017,Chevrolet Silverado ,""1500 4WD Double Cab 143.5"""" LT w/1LT"""
"0112725275590656,IA,Transmission,slips in and out of gear,2018,RAM ,""1500 SLT 4X2 Quad Cab 6'4"""" Box"""
"0115362035011584,IA,Fuel Tank,Corrosion,2017,Chevrolet Silverado ,""1500 4WD Double Cab 143.5"""" LT w/1LT"""
"0118029277200384,IA,Fuel Tank,Corrosion,2017,Chevrolet Silverado ,""1500 4WD Double Cab 143.5"""" LT w/1LT"""
"0118029277200384,IA,Fuel Tank,Hole,2019,RAM ,""1500 Classic SLT 4X2 Crew Cab 6'4"""" Box"""
"0118029277200384,IA,Tire replacement,Flat- hole not reparable,2019,RAM ,""1500 Classic SLT 4X2 Crew Cab 6'4"""" Box"""
"0120727002157056,ID,Battery replacment,Dead battery,2016,RAM ,""1500 4WD Quad Cab 140.5"""" SLT"""
"0120727002157056,ID,Windshield replacement,Crack,2016,RAM ,""1500 4WD Quad Cab 140.5"""" SLT"""
"0123455209881600,IA,Fuel Tank,Corrosion,2017,Chevrolet Silverado ,""1500 4WD Double Cab 143.5"""" LT w/1LT"""
"0123455209881600,ID,Tire repair,Flat- reparable,2017,Chevrolet Silverado ,""1500 4WD Double Cab 143.5"""" LT w/1LT"""
"0126213900374016,IA,Fuel Tank,Corrosion,2017,Chevrolet Silverado ,""1500 4WD Double Cab 143.5"""" LT w/1LT"""
"0129003073634304,ID,Dent Repair Rear,Collision,2019,RAM ,""1500 Classic SLT 4X2 Crew Cab 6'4"""" Box"""
"0129003073634304,IA,Fuel Tank,Corrosion,2017,Chevrolet Silverado ,""1500 4WD Double Cab 143.5"""" LT w/1LT"""
"0129003073634304,ID,Tire replacement,Flat- hole not reparable,2019,Chevrolet Silverado ,1500 LD 4WD Double Cab LT w/1LT"
"0129003073634304,ID,Windshield replacement,Crack,2019,Chevrolet Silverado ,1500 LD 4WD Double Cab LT w/1LT"
"0131822729662464,IL,Cab corner panel,Rust,2016,RAM ,""1500 4WD Quad Cab 140.5"""" SLT"""
"0131822729662464,IL,Fuel Tank,Corrosion,2016,RAM ,""1500 4WD Quad Cab 140.5"""" SLT"""
"0131822729662464,IL,Fuel Tank,Hole,2016,RAM ,""1500 4WD Quad Cab 140.5"""" SLT"""
"0131822729662464,IL,Shocks,Rust,2016,RAM ,""1500 4WD Quad Cab 140.5"""" SLT"""
"0131822729662464,IL,Struts,Rust,2016,RAM ,""1500 4WD Quad Cab 140.5"""" SLT"""
"0131822729662464,IL,Wheel Arch,Rust,2016,RAM ,""1500 4WD Quad Cab 140.5"""" SLT"""
"0134672868458496,IL,Fender replacement ,Rust,2016,RAM ,""1500 4WD Quad Cab 140.5"""" SLT"""
"0134672868458496,IL,Fuel Tank,Corrosion,2016,RAM ,""1500 4WD Quad Cab 140.5"""" SLT"""
"0134672868458496,IL,Rocker Panel,Rust,2016,RAM ,""1500 4WD Quad Cab 140.5"""" SLT"""
"0134672868458496,IL,Struts,Rust,2016,RAM ,""1500 4WD Quad Cab 140.5"""" SLT"""
"0134672868458496,IL,Struts,Rust,2016,RAM ,""1500 4WD Quad Cab 140.5"""" SLT"""
"0137553490022400,IL,Fuel Tank,Corrosion,2016,RAM ,""1500 4WD Quad Cab 140.5"""" SLT"""
"0140464594354176,IL,Fuel Tank,Corrosion,2016,RAM ,""1500 4WD Quad Cab 140.5"""" SLT"""
"0143406181453824,IL,Fuel Tank,Corrosion,2016,RAM ,""1500 4WD Quad Cab 140.5"""" SLT"""
"0146378251321344,IL,Fuel Tank,Corrosion,2016,RAM ,""1500 4WD Quad Cab 140.5"""" SLT"""
"0149380803956736,IL,Fuel Tank,Corrosion,2016,RAM ,""1500 4WD Quad Cab 140.5"""" SLT"""
"0152413839360000,IL,Fuel Tank,Corrosion,2016,RAM ,""1500 4WD Quad Cab 140.5"""" SLT"""
"0155477357531136,IL,Brake line replacement,Corrosion,2017,Chevrolet Silverado ,""1500 4WD Double Cab 143.5"""" LT w/1LT"""
"0155477357531136,IL,Cab corner panel,Rust,2017,Chevrolet Silverado ,""1500 4WD Double Cab 143.5"""" LT w/1LT"""
"0155477357531136,IL,Fuel Tank,Corrosion,2017,Chevrolet Silverado ,""1500 4WD Double Cab 143.5"""" LT w/1LT"""
"0155477357531136,IL,Rocker Panel,Rust,2017,Chevrolet Silverado ,""1500 4WD Double Cab 143.5"""" LT w/1LT"""
"0158571358470144,IL,Brake line replacement,Corrosion,2017,Chevrolet Silverado ,""1500 4WD Double Cab 143.5"""" LT w/1LT"""
"0158571358470144,IL,Cab corner panel,Rust,2017,Chevrolet Silverado ,""1500 4WD Double Cab 143.5"""" LT w/1LT"""
"0158571358470144,IL,Fender replacement ,Rust,2017,Chevrolet Silverado ,""1500 4WD Double Cab 143.5"""" LT w/1LT"""
"0158571358470144,IL,Fuel Tank,Hole,2017,Chevrolet Silverado ,""1500 4WD Double Cab 143.5"""" LT w/1LT"""
"0161695842177024,IL,Battery replacment,Dead battery,2017,Chevrolet Silverado ,""1500 4WD Double Cab 143.5"""" LT w/1LT"""
"0161695842177024,IL,Rocker Panel,Rust,2017,Chevrolet Silverado ,""1500 4WD Double Cab 143.5"""" LT w/1LT"""
"0161695842177024,IL,Windshield replacement,Crack,2017,Chevrolet Silverado ,""1500 4WD Double Cab 143.5"""" LT w/1LT"""
"0164850808651776,IL,Dent Repair  Left Fender,Collision,2018,Chevrolet Silverado ,""1500 2WD Double Cab 143.5"""" LT w/1LT"""
"0168036257894400,IL,Wheel Arch,Rust,2018,RAM ,""1500 SLT 4X2 Quad Cab 6'4"""" Box"""
"0168036257894400,IL,Windshield replacement,Crack,2018,RAM ,""1500 SLT 4X2 Quad Cab 6'4"""" Box"""
"0171252189904896,IL,Fuel Tank,Hole,2019,Chevrolet Silverado ,1500 LD 4WD Double Cab LT w/1LT"
"0174498604683264,IL,Dent Repair  Left Fender,Collision,2019,RAM ,""1500 Classic SLT 4X2 Crew Cab 6'4"""" Box"""
"0174498604683264,IL,Tire replacement,Flat- hole not reparable,2019,RAM ,""1500 Classic SLT 4X2 Crew Cab 6'4"""" Box"""
"0177775502229504,IN,Battery replacment,Dead battery,2016,RAM ,""1500 4WD Quad Cab 140.5"""" SLT"""
"0177775502229504,IN,Fuel Tank,Hole,2016,RAM ,""1500 4WD Quad Cab 140.5"""" SLT"""
"0181082882543616,IN,Cab corner panel,Rust,2016,RAM ,""1500 4WD Quad Cab 140.5"""" SLT"""
"0181082882543616,IN,Fuel Tank,Hole,2016,RAM ,""1500 4WD Quad Cab 140.5"""" SLT"""
"0181082882543616,IN,Shocks,Rust,2016,RAM ,""1500 4WD Quad Cab 140.5"""" SLT"""
"0184420745625600,IN,Fender replacement ,Rust,2016,RAM ,""1500 4WD Quad Cab 140.5"""" SLT"""
"0184420745625600,IN,Fuel Tank,Hole,2016,RAM ,""1500 4WD Quad Cab 140.5"""" SLT"""
"0184420745625600,IN,Rocker Panel,Rust,2016,RAM ,""1500 4WD Quad Cab 140.5"""" SLT"""
"0184420745625600,IN,Shocks,Rust,2016,RAM ,""1500 4WD Quad Cab 140.5"""" SLT"""
"0184420745625600,IN,Struts,Rust,2016,RAM ,""1500 4WD Quad Cab 140.5"""" SLT"""
"0187789091475456,IN,Fuel Tank,Hole,2016,RAM ,""1500 4WD Quad Cab 140.5"""" SLT"""
"0191187920093184,IN,Fuel Tank,Hole,2016,RAM ,""1500 4WD Quad Cab 140.5"""" SLT"""
"0194617231478784,IN,Brake line replacement,Corrosion,2017,Chevrolet Silverado ,""1500 4WD Double Cab 143.5"""" LT w/1LT"""
"0194617231478784,IN,Fuel Tank,Corrosion,2017,Chevrolet Silverado ,""1500 4WD Double Cab 143.5"""" LT w/1LT"""
"0198077025632256,IN,Battery replacment,Dead battery,2017,Chevrolet Silverado ,""1500 4WD Double Cab 143.5"""" LT w/1LT"""
"0201567302553600,IN,Fuel Tank,Hole,2017,Chevrolet Silverado ,""1500 4WD Double Cab 143.5"""" LT w/1LT"""
"0205088062242816,IN,Fuel Tank,Hole,2017,Chevrolet Silverado ,""1500 4WD Double Cab 143.5"""" LT w/1LT"""
"0208639304699904,IN,Fuel Tank,Hole,2017,Chevrolet Silverado ,""1500 4WD Double Cab 143.5"""" LT w/1LT"""
"0208639304699904,IN,Wheel Arch,Rust,2017,Chevrolet Silverado ,""1500 4WD Double Cab 143.5"""" LT w/1LT"""
"0212221029924864,IN,Fuel Tank,Hole,2017,Chevrolet Silverado ,""1500 4WD Double Cab 143.5"""" LT w/1LT"""
"0215833237917696,IN,Dent Repair Rear,Collision,2018,Chevrolet Silverado ,""1500 2WD Double Cab 143.5"""" LT w/1LT"""
"0219475928678400,IN,Dent Repair Rear,Collision,2018,RAM ,""1500 SLT 4X2 Quad Cab 6'4"""" Box"""
"0219475928678400,IN,Fuel Tank,Hole,2018,RAM ,""1500 SLT 4X2 Quad Cab 6'4"""" Box"""
"0219475928678400,IN,Tire repair,Flat- reparable,2018,RAM ,""1500 SLT 4X2 Quad Cab 6'4"""" Box"""
"0223149102206976,IN,Dent Repair  Left Fender,Collision,2019,Chevrolet Silverado ,1500 LD 4WD Double Cab LT w/1LT"
"0226852758503424,KS,Battery replacment,Dead battery,2016,RAM ,""1500 4WD Quad Cab 140.5"""" SLT"""
"0226852758503424,KS,Dent Repair  Left Fender,Collision,2016,RAM ,""1500 4WD Quad Cab 140.5"""" SLT"""
"0226852758503424,KS,Tire replacement,Flat- hole not reparable,2016,RAM ,""1500 4WD Quad Cab 140.5"""" SLT"""
"0230586897567744,KS,Battery replacment,Dead battery,2016,RAM ,""1500 4WD Quad Cab 140.5"""" SLT"""
"0234351519399936,KS,Battery replacment,Dead battery,2016,RAM ,""1500 4WD Quad Cab 140.5"""" SLT"""
"0238146624000000,KS,Battery replacment,Dead battery,2017,Chevrolet Silverado ,""1500 4WD Double Cab 143.5"""" LT w/1LT"""
"0238146624000000,KS,Tire replacement,Flat- hole not reparable,2017,Chevrolet Silverado ,""1500 4WD Double Cab 143.5"""" LT w/1LT"""
"0241972211367936,KS,Windshield replacement,Crack,2018,Chevrolet Silverado ,""1500 2WD Double Cab 143.5"""" LT w/1LT"""
"0245828281503744,KS,Tire replacement,Flat- hole not reparable,2019,Chevrolet Silverado ,1500 LD 4WD Double Cab LT w/1LT"
"0245828281503744,KS,Windshield replacement,Crack,2019,Chevrolet Silverado ,1500 LD 4WD Double Cab LT w/1LT"
"0249714834407424,KS,Windshield replacement,Crack,2019,RAM ,""1500 Classic SLT 4X2 Crew Cab 6'4"""" Box"""
"0253631870078976,KY,Windshield replacement,Crack,2016,RAM ,""1500 4WD Quad Cab 140.5"""" SLT"""
"0257579388518400,KY,Battery replacment,Dead battery,2017,Chevrolet Silverado ,""1500 4WD Double Cab 143.5"""" LT w/1LT"""
"0257579388518400,KY,Dent Repair  Left Fender,Collision,2017,Chevrolet Silverado ,""1500 4WD Double Cab 143.5"""" LT w/1LT"""
"0257579388518400,KY,Transmission,slips in and out of gear,2017,Chevrolet Silverado ,""1500 4WD Double Cab 143.5"""" LT w/1LT"""
"0261557389725696,KY,Tire replacement,Flat- hole not reparable,2018,RAM ,""1500 SLT 4X2 Quad Cab 6'4"""" Box"""
"0265565873700864,LA,Battery replacment,Dead battery,2016,RAM ,""1500 4WD Quad Cab 140.5"""" SLT"""
"0269604840443904,LA,Battery replacment,Dead battery,2016,RAM ,""1500 4WD Quad Cab 140.5"""" SLT"""
"0273674289954816,LA,Battery replacment,Dead battery,2016,RAM ,""1500 4WD Quad Cab 140.5"""" SLT"""
"0277774222233600,LA,Battery replacment,Dead battery,2016,RAM ,""1500 4WD Quad Cab 140.5"""" SLT"""
"0281904637280256,LA,Battery replacment,Dead battery,2017,Chevrolet Silverado ,""1500 4WD Double Cab 143.5"""" LT w/1LT"""
"0281904637280256,LA,Transmission,slips in and out of gear,2017,Chevrolet Silverado ,""1500 4WD Double Cab 143.5"""" LT w/1LT"""
"0281904637280256,LA,Windshield replacement,Crack,2017,Chevrolet Silverado ,""1500 4WD Double Cab 143.5"""" LT w/1LT"""
"0286065535094784,LA,Battery replacment,Dead battery,2017,Chevrolet Silverado ,""1500 4WD Double Cab 143.5"""" LT w/1LT"""
"0290256915677184,LA,Tire repair,Flat- reparable,2018,Chevrolet Silverado ,""1500 2WD Double Cab 143.5"""" LT w/1LT"""
"0290256915677184,LA,Tire replacement,Flat- hole not reparable,2018,Chevrolet Silverado ,""1500 2WD Double Cab 143.5"""" LT w/1LT"""
"0294478779027456,LA,Dent Repair  Left Fender,Collision,2018,RAM ,""1500 SLT 4X2 Quad Cab 6'4"""" Box"""
"0298731125145600,LA,Tire repair,Flat- reparable,2019,Chevrolet Silverado ,1500 LD 4WD Double Cab LT w/1LT"
"0303013954031616,LA,Tire repair,Flat- reparable,2019,RAM ,""1500 Classic SLT 4X2 Crew Cab 6'4"""" Box"""
"0303013954031616,LA,Tire replacement,Flat- hole not reparable,2019,RAM ,""1500 Classic SLT 4X2 Crew Cab 6'4"""" Box"""
"0307327265685504,MA,Fuel Tank,Corrosion,2016,RAM ,""1500 4WD Quad Cab 140.5"""" SLT"""
"0311671060107264,MA,Fuel Tank,Hole,2016,RAM ,""1500 4WD Quad Cab 140.5"""" SLT"""
"0316045337296896,MA,Fuel Tank,Hole,2016,RAM ,""1500 4WD Quad Cab 140.5"""" SLT"""
"0316045337296896,MA,Shocks,Rust,2016,RAM ,""1500 4WD Quad Cab 140.5"""" SLT"""
"0316045337296896,MA,Struts,Rust,2016,RAM ,""1500 4WD Quad Cab 140.5"""" SLT"""
"0320450097254400,MA,Fuel Tank,Hole,2016,RAM ,""1500 4WD Quad Cab 140.5"""" SLT"""
"0324885339979776,MA,Fuel Tank,Hole,2016,RAM ,""1500 4WD Quad Cab 140.5"""" SLT"""
"0329351065473024,MA,Brake line replacement,Corrosion,2017,Chevrolet Silverado ,""1500 4WD Double Cab 143.5"""" LT w/1LT"""
"0329351065473024,MA,Fuel Tank,Hole,2017,Chevrolet Silverado ,""1500 4WD Double Cab 143.5"""" LT w/1LT"""
"0333847273734144,MA,Battery replacment,Dead battery,2017,Chevrolet Silverado ,""1500 4WD Double Cab 143.5"""" LT w/1LT"""
"0333847273734144,MA,Fuel Tank,Hole,2017,Chevrolet Silverado ,""1500 4WD Double Cab 143.5"""" LT w/1LT"""
"0333847273734144,MA,Transmission,slips in and out of gear,2017,Chevrolet Silverado ,""1500 4WD Double Cab 143.5"""" LT w/1LT"""
"0338373964763136,MA,Fuel Tank,Hole,2017,Chevrolet Silverado ,""1500 4WD Double Cab 143.5"""" LT w/1LT"""
"0342931138560000,MA,Fuel Tank,Hole,2017,Chevrolet Silverado ,""1500 4WD Double Cab 143.5"""" LT w/1LT"""
"0342931138560000,MA,Rocker Panel,Rust,2017,Chevrolet Silverado ,""1500 4WD Double Cab 143.5"""" LT w/1LT"""
"0347518795124736,MA,Fender replacement ,Rust,2017,Chevrolet Silverado ,""1500 4WD Double Cab 143.5"""" LT w/1LT"""
"0347518795124736,MA,Fuel Tank,Hole,2017,Chevrolet Silverado ,""1500 4WD Double Cab 143.5"""" LT w/1LT"""
"0347518795124736,MA,Rocker Panel,Rust,2017,Chevrolet Silverado ,""1500 4WD Double Cab 143.5"""" LT w/1LT"""
"0352136934457344,MA,Cab corner panel,Rust,2017,Chevrolet Silverado ,""1500 4WD Double Cab 143.5"""" LT w/1LT"""
"0352136934457344,MA,Fuel Tank,Hole,2017,Chevrolet Silverado ,""1500 4WD Double Cab 143.5"""" LT w/1LT"""
"0356785556557824,MA,Tire repair,Flat- reparable,2018,Chevrolet Silverado ,""1500 2WD Double Cab 143.5"""" LT w/1LT"""
"0361464661426176,MA,Wheel Arch,Rust,2018,RAM ,""1500 SLT 4X2 Quad Cab 6'4"""" Box"""
"0366174249062400,MD,Fender replacement ,Rust,2016,RAM ,""1500 4WD Quad Cab 140.5"""" SLT"""
"0366174249062400,MD,Fuel Tank,Hole,2016,RAM ,""1500 4WD Quad Cab 140.5"""" SLT"""
"0366174249062400,MD,Shocks,Rust,2016,RAM ,""1500 4WD Quad Cab 140.5"""" SLT"""
"0366174249062400,MD,Struts,Rust,2016,RAM ,""1500 4WD Quad Cab 140.5"""" SLT"""
"0370914319466496,MD,Fuel Tank,Hole,2016,RAM ,""1500 4WD Quad Cab 140.5"""" SLT"""
"0370914319466496,MD,Rocker Panel,Rust,2016,RAM ,""1500 4WD Quad Cab 140.5"""" SLT"""
"0370914319466496,MD,Wheel Arch,Rust,2016,RAM ,""1500 4WD Quad Cab 140.5"""" SLT"""
"0375684872638464,MD,Brake line replacement,Corrosion,2017,Chevrolet Silverado ,""1500 4WD Double Cab 143.5"""" LT w/1LT"""
"0375684872638464,MD,Cab corner panel,Rust,2017,Chevrolet Silverado ,""1500 4WD Double Cab 143.5"""" LT w/1LT"""
"0375684872638464,MD,Fender replacement ,Rust,2017,Chevrolet Silverado ,""1500 4WD Double Cab 143.5"""" LT w/1LT"""
"0375684872638464,MD,Fuel Tank,Corrosion,2017,Chevrolet Silverado ,""1500 4WD Double Cab 143.5"""" LT w/1LT"""
"0380485908578304,MD,Fender replacement ,Rust,2017,Chevrolet Silverado ,""1500 4WD Double Cab 143.5"""" LT w/1LT"""
"0380485908578304,MD,Fuel Tank,Hole,2017,Chevrolet Silverado ,""1500 4WD Double Cab 143.5"""" LT w/1LT"""
"0380485908578304,MD,Fuel Tank,Hole,2017,Chevrolet Silverado ,""1500 4WD Double Cab 143.5"""" LT w/1LT"""
"0385317427286016,MD,Fender replacement ,Rust,2017,Chevrolet Silverado ,""1500 4WD Double Cab 143.5"""" LT w/1LT"""
"0390179428761600,MD,Fender replacement ,Rust,2017,Chevrolet Silverado ,""1500 4WD Double Cab 143.5"""" LT w/1LT"""
"0395071913005056,MD,Fender replacement ,Rust,2017,Chevrolet Silverado ,""1500 4WD Double Cab 143.5"""" LT w/1LT"""
"0399994880016384,MD,Fender replacement ,Rust,2017,Chevrolet Silverado ,""1500 4WD Double Cab 143.5"""" LT w/1LT"""
"0399994880016384,MD,Fender replacement ,Rust,2017,Chevrolet Silverado ,""1500 4WD Double Cab 143.5"""" LT w/1LT"""
"0404948329795584,MD,Windshield replacement,Crack,2018,RAM ,""1500 SLT 4X2 Quad Cab 6'4"""" Box"""
"0409932262342656,MD,Tire replacement,Flat- hole not reparable,2019,Chevrolet Silverado ,1500 LD 4WD Double Cab LT w/1LT"
"0414946677657600,MD,Dent Repair Rear,Collision,2019,RAM ,""1500 Classic SLT 4X2 Crew Cab 6'4"""" Box"""
"0419991575740416,ME,Fender replacement ,Rust,2016,RAM ,""1500 4WD Quad Cab 140.5"""" SLT"""
"0419991575740416,ME,Fuel Tank,Corrosion,2016,RAM ,""1500 4WD Quad Cab 140.5"""" SLT"""
"0419991575740416,ME,Shocks,Rust,2016,RAM ,""1500 4WD Quad Cab 140.5"""" SLT"""
"0419991575740416,ME,Struts,Rust,2016,RAM ,""1500 4WD Quad Cab 140.5"""" SLT"""
"0425066956591104,ME,Fender replacement ,Rust,2016,RAM ,""1500 4WD Quad Cab 140.5"""" SLT"""
"0430172820209664,ME,Fender replacement ,Rust,2016,RAM ,""1500 4WD Quad Cab 140.5"""" SLT"""
"0435309166596096,ME,Brake line replacement,Corrosion,2017,Chevrolet Silverado ,""1500 4WD Double Cab 143.5"""" LT w/1LT"""
"0435309166596096,ME,Cab corner panel,Rust,2017,Chevrolet Silverado ,""1500 4WD Double Cab 143.5"""" LT w/1LT"""
"0435309166596096,ME,Fender replacement ,Rust,2017,Chevrolet Silverado ,""1500 4WD Double Cab 143.5"""" LT w/1LT"""
"0435309166596096,ME,Fuel Tank,Hole,2017,Chevrolet Silverado ,""1500 4WD Double Cab 143.5"""" LT w/1LT"""
"0435309166596096,ME,Transmission,slips in and out of gear,2017,Chevrolet Silverado ,""1500 4WD Double Cab 143.5"""" LT w/1LT"""
"0440475995750400,ME,Fender replacement ,Rust,2017,Chevrolet Silverado ,""1500 4WD Double Cab 143.5"""" LT w/1LT"""
"0445673307672576,ME,Fender replacement ,Rust,2017,Chevrolet Silverado ,""1500 4WD Double Cab 143.5"""" LT w/1LT"""
"0450901102362624,ME,Fender replacement ,Rust,2017,Chevrolet Silverado ,""1500 4WD Double Cab 143.5"""" LT w/1LT"""
"0456159379820544,ME,Fender replacement ,Rust,2017,Chevrolet Silverado ,""1500 4WD Double Cab 143.5"""" LT w/1LT"""
"0461448140046336,ME,Fender replacement ,Rust,2017,Chevrolet Silverado ,""1500 4WD Double Cab 143.5"""" LT w/1LT"""
"0461448140046336,ME,Rocker Panel,Rust,2017,Chevrolet Silverado ,""1500 4WD Double Cab 143.5"""" LT w/1LT"""
"0461448140046336,ME,Wheel Arch,Rust,2017,Chevrolet Silverado ,""1500 4WD Double Cab 143.5"""" LT w/1LT"""
"0466767383040000,ME,Fender replacement ,Rust,2017,Chevrolet Silverado ,""1500 4WD Double Cab 143.5"""" LT w/1LT"""
"0466767383040000,ME,Rocker Panel,Rust,2017,Chevrolet Silverado ,""1500 4WD Double Cab 143.5"""" LT w/1LT"""
"0472117108801536,ME,Dent Repair  Left Fender,Collision,2018,Chevrolet Silverado ,""1500 2WD Double Cab 143.5"""" LT w/1LT"""
"0472117108801536,ME,Windshield replacement,Crack,2018,Chevrolet Silverado ,""1500 2WD Double Cab 143.5"""" LT w/1LT"""
"0477497317330944,MI,Battery replacment,Dead battery,2016,RAM ,""1500 4WD Quad Cab 140.5"""" SLT"""
"0477497317330944,MI,Fuel Tank,Hole,2016,RAM ,""1500 4WD Quad Cab 140.5"""" SLT"""
"0477497317330944,MI,Rocker Panel,Rust,2016,RAM ,""1500 4WD Quad Cab 140.5"""" SLT"""
"0477497317330944,MI,Shocks,Rust,2016,RAM ,""1500 4WD Quad Cab 140.5"""" SLT"""
"0477497317330944,MI,Struts,Rust,2016,RAM ,""1500 4WD Quad Cab 140.5"""" SLT"""
"0477497317330944,MI,Tire replacement,Flat- hole not reparable,2016,RAM ,""1500 4WD Quad Cab 140.5"""" SLT"""
"0482908008628224,MI,Struts,Rust,2016,RAM ,""1500 4WD Quad Cab 140.5"""" SLT"""
"0488349182693376,MI,Brake line replacement,Corrosion,2017,Chevrolet Silverado ,""1500 4WD Double Cab 143.5"""" LT w/1LT"""
"0488349182693376,MI,Cab corner panel,Rust,2017,Chevrolet Silverado ,""1500 4WD Double Cab 143.5"""" LT w/1LT"""
"0488349182693376,MI,Fender replacement ,Rust,2017,Chevrolet Silverado ,""1500 4WD Double Cab 143.5"""" LT w/1LT"""
"0488349182693376,MI,Fuel Tank,Corrosion,2017,Chevrolet Silverado ,""1500 4WD Double Cab 143.5"""" LT w/1LT"""
"0488349182693376,MI,Tire replacement,Flat- hole not reparable,2017,Chevrolet Silverado ,""1500 4WD Double Cab 143.5"""" LT w/1LT"""
"0488349182693376,MI,Transmission,slips in and out of gear,2017,Chevrolet Silverado ,""1500 4WD Double Cab 143.5"""" LT w/1LT"""
"0493820839526400,MI,Brake line replacement,Corrosion,2017,Chevrolet Silverado ,""1500 4WD Double Cab 143.5"""" LT w/1LT"""
"0493820839526400,MI,Fender replacement ,Rust,2017,Chevrolet Silverado ,""1500 4WD Double Cab 143.5"""" LT w/1LT"""
"0493820839526400,MI,Fuel Tank,Corrosion,2017,Chevrolet Silverado ,""1500 4WD Double Cab 143.5"""" LT w/1LT"""
"0499322979127296,MI,Fender replacement ,Rust,2017,Chevrolet Silverado ,""1500 4WD Double Cab 143.5"""" LT w/1LT"""
"0504855601496064,MI,Fender replacement ,Rust,2017,Chevrolet Silverado ,""1500 4WD Double Cab 143.5"""" LT w/1LT"""
"0510418706632704,MI,Fender replacement ,Rust,2017,Chevrolet Silverado ,""1500 4WD Double Cab 143.5"""" LT w/1LT"""
"0516012294537216,MI,Fender replacement ,Rust,2017,Chevrolet Silverado ,""1500 4WD Double Cab 143.5"""" LT w/1LT"""
"0521636365209600,MI,Fender replacement ,Rust,2017,Chevrolet Silverado ,""1500 4WD Double Cab 143.5"""" LT w/1LT"""
"0521636365209600,MI,Fender replacement ,Rust,2017,Chevrolet Silverado ,""1500 4WD Double Cab 143.5"""" LT w/1LT"""
"0521636365209600,MI,Rocker Panel,Rust,2017,Chevrolet Silverado ,""1500 4WD Double Cab 143.5"""" LT w/1LT"""
"0521636365209600,MI,Wheel Arch,Rust,2017,Chevrolet Silverado ,""1500 4WD Double Cab 143.5"""" LT w/1LT"""
"0527290918649856,MI,Rocker Panel,Rust,2017,Chevrolet Silverado ,""1500 4WD Double Cab 143.5"""" LT w/1LT"""
"0532975954857984,MI,Dent Repair Rear,Collision,2018,RAM ,""1500 SLT 4X2 Quad Cab 6'4"""" Box"""
"0538691473833984,MN,Rocker Panel,Rust,2016,RAM ,""1500 4WD Quad Cab 140.5"""" SLT"""
"0538691473833984,MI,Tire repair,Flat- reparable,2019,RAM ,""1500 Classic SLT 4X2 Crew Cab 6'4"""" Box"""
"0544437475577856,MN,Rocker Panel,Rust,2016,RAM ,""1500 4WD Quad Cab 140.5"""" SLT"""
"0544437475577856,MN,Shocks,Rust,2016,RAM ,""1500 4WD Quad Cab 140.5"""" SLT"""
"0544437475577856,MN,Struts,Rust,2016,RAM ,""1500 4WD Quad Cab 140.5"""" SLT"""
"0550213960089600,MN,Rocker Panel,Rust,2016,RAM ,""1500 4WD Quad Cab 140.5"""" SLT"""
"0550213960089600,MN,Struts,Rust,2016,RAM ,""1500 4WD Quad Cab 140.5"""" SLT"""
"0556020927369216,MN,Rocker Panel,Rust,2016,RAM ,""1500 4WD Quad Cab 140.5"""" SLT"""
"0561858377416704,MN,Brake line replacement,Corrosion,2017,Chevrolet Silverado ,""1500 4WD Double Cab 143.5"""" LT w/1LT"""
"0561858377416704,MN,Cab corner panel,Rust,2017,Chevrolet Silverado ,""1500 4WD Double Cab 143.5"""" LT w/1LT"""
"0561858377416704,MN,Fender replacement ,Rust,2017,Chevrolet Silverado ,""1500 4WD Double Cab 143.5"""" LT w/1LT"""
"0561858377416704,MN,Fuel Tank,Corrosion,2017,Chevrolet Silverado ,""1500 4WD Double Cab 143.5"""" LT w/1LT"""
"0561858377416704,MN,Rocker Panel,Rust,2017,Chevrolet Silverado ,""1500 4WD Double Cab 143.5"""" LT w/1LT"""
"0567726310232064,MN,Cab corner panel,Rust,2017,Chevrolet Silverado ,""1500 4WD Double Cab 143.5"""" LT w/1LT"""
"0567726310232064,MN,Fuel Tank,Hole,2017,Chevrolet Silverado ,""1500 4WD Double Cab 143.5"""" LT w/1LT"""
"0567726310232064,MN,Rocker Panel,Rust,2017,Chevrolet Silverado ,""1500 4WD Double Cab 143.5"""" LT w/1LT"""
"0573624725815296,MN,Rocker Panel,Rust,2017,Chevrolet Silverado ,""1500 4WD Double Cab 143.5"""" LT w/1LT"""
"0579553624166400,MN,Rocker Panel,Rust,2017,Chevrolet Silverado ,""1500 4WD Double Cab 143.5"""" LT w/1LT"""
"0585513005285376,MN,Rocker Panel,Rust,2017,Chevrolet Silverado ,""1500 4WD Double Cab 143.5"""" LT w/1LT"""
"0591502869172224,MN,Rocker Panel,Rust,2017,Chevrolet Silverado ,""1500 4WD Double Cab 143.5"""" LT w/1LT"""
"0597523215826944,MN,Dent Repair Rear,Collision,2018,Chevrolet Silverado ,""1500 2WD Double Cab 143.5"""" LT w/1LT"""
"0597523215826944,MN,Tire replacement,Flat- hole not reparable,2018,Chevrolet Silverado ,""1500 2WD Double Cab 143.5"""" LT w/1LT"""
"0603574045249536,MN,Tire replacement,Flat- hole not reparable,2018,RAM ,""1500 SLT 4X2 Quad Cab 6'4"""" Box"""
"0603574045249536,MN,Wheel Arch,Rust,2018,RAM ,""1500 SLT 4X2 Quad Cab 6'4"""" Box"""
"0609655357440000,MN,Windshield replacement,Crack,2019,Chevrolet Silverado ,1500 LD 4WD Double Cab LT w/1LT"
"0615767152398336,MN,Dent Repair Rear,Collision,2019,RAM ,""1500 Classic SLT 4X2 Crew Cab 6'4"""" Box"""
"0615767152398336,MN,Windshield replacement,Crack,2019,RAM ,""1500 Classic SLT 4X2 Crew Cab 6'4"""" Box"""
"0621909430124544,MO,Fuel Tank,Hole,2016,RAM ,""1500 4WD Quad Cab 140.5"""" SLT"""
"0621909430124544,MO,Rocker Panel,Rust,2016,RAM ,""1500 4WD Quad Cab 140.5"""" SLT"""
"0621909430124544,MO,Windshield replacement,Crack,2016,RAM ,""1500 4WD Quad Cab 140.5"""" SLT"""
"0628082190618624,MO,Rocker Panel,Rust,2016,RAM ,""1500 4WD Quad Cab 140.5"""" SLT"""
"0634285433880576,MO,Rocker Panel,Rust,2016,RAM ,""1500 4WD Quad Cab 140.5"""" SLT"""
"0634285433880576,MO,Shocks,Rust,2016,RAM ,""1500 4WD Quad Cab 140.5"""" SLT"""
"0634285433880576,MO,Struts,Rust,2016,RAM ,""1500 4WD Quad Cab 140.5"""" SLT"""
"0640519159910400,MO,Brake line replacement,Corrosion,2017,Chevrolet Silverado ,""1500 4WD Double Cab 143.5"""" LT w/1LT"""
"0640519159910400,MO,Cab corner panel,Rust,2017,Chevrolet Silverado ,""1500 4WD Double Cab 143.5"""" LT w/1LT"""
"0640519159910400,MO,Fender replacement ,Rust,2017,Chevrolet Silverado ,""1500 4WD Double Cab 143.5"""" LT w/1LT"""
"0640519159910400,MO,Fuel Tank,Corrosion,2017,Chevrolet Silverado ,""1500 4WD Double Cab 143.5"""" LT w/1LT"""
"0640519159910400,MO,Fuel Tank,Hole,2017,Chevrolet Silverado ,""1500 4WD Double Cab 143.5"""" LT w/1LT"""
"0640519159910400,MO,Rocker Panel,Rust,2017,Chevrolet Silverado ,""1500 4WD Double Cab 143.5"""" LT w/1LT"""
"0640519159910400,MO,Windshield replacement,Crack,2017,Chevrolet Silverado ,""1500 4WD Double Cab 143.5"""" LT w/1LT"""
"0646783368708096,MO,Rocker Panel,Rust,2017,Chevrolet Silverado ,""1500 4WD Double Cab 143.5"""" LT w/1LT"""
"0653078060273664,MO,Rocker Panel,Rust,2017,Chevrolet Silverado ,""1500 4WD Double Cab 143.5"""" LT w/1LT"""
"0659403234607104,MO,Rocker Panel,Rust,2017,Chevrolet Silverado ,""1500 4WD Double Cab 143.5"""" LT w/1LT"""
"0665758891708416,MO,Rocker Panel,Rust,2017,Chevrolet Silverado ,""1500 4WD Double Cab 143.5"""" LT w/1LT"""
"0672145031577600,MO,Rocker Panel,Rust,2017,Chevrolet Silverado ,""1500 4WD Double Cab 143.5"""" LT w/1LT"""
"0678561654214656,MO,Rocker Panel,Rust,2017,Chevrolet Silverado ,""1500 4WD Double Cab 143.5"""" LT w/1LT"""
"0678561654214656,MO,Transmission,slips in and out of gear,2017,Chevrolet Silverado ,""1500 4WD Double Cab 143.5"""" LT w/1LT"""
"0678561654214656,MO,Wheel Arch,Rust,2017,Chevrolet Silverado ,""1500 4WD Double Cab 143.5"""" LT w/1LT"""
"0685008759619584,MO,Tire repair,Flat- reparable,2019,Chevrolet Silverado ,1500 LD 4WD Double Cab LT w/1LT"
"0685008759619584,MO,Tire replacement,Flat- hole not reparable,2019,Chevrolet Silverado ,1500 LD 4WD Double Cab LT w/1LT"
"0691486347792384,MO,Dent Repair  Left Fender,Collision,2019,RAM ,""1500 Classic SLT 4X2 Crew Cab 6'4"""" Box"""
"0691486347792384,MO,Tire replacement,Flat- hole not reparable,2019,RAM ,""1500 Classic SLT 4X2 Crew Cab 6'4"""" Box"""
"0697994418733056,MS,Tire replacement,Flat- hole not reparable,2016,RAM ,""1500 4WD Quad Cab 140.5"""" SLT"""
"0704532972441600,MS,Battery replacment,Dead battery,2017,Chevrolet Silverado ,""1500 4WD Double Cab 143.5"""" LT w/1LT"""
"0704532972441600,MS,Tire replacement,Flat- hole not reparable,2017,Chevrolet Silverado ,""1500 4WD Double Cab 143.5"""" LT w/1LT"""
"0711102008918016,MS,Tire repair,Flat- reparable,2018,Chevrolet Silverado ,""1500 2WD Double Cab 143.5"""" LT w/1LT"""
"0717701528162304,MS,Dent Repair Rear,Collision,2018,RAM ,""1500 SLT 4X2 Quad Cab 6'4"""" Box"""
"0724331530174464,MT,Dent Repair  Left Fender,Collision,2016,RAM ,""1500 4WD Quad Cab 140.5"""" SLT"""
"0724331530174464,MT,Windshield replacement,Crack,2016,RAM ,""1500 4WD Quad Cab 140.5"""" SLT"""
"0730992014954496,MT,Dent Repair Rear,Collision,2018,Chevrolet Silverado ,""1500 2WD Double Cab 143.5"""" LT w/1LT"""
"0730992014954496,MT,Tire replacement,Flat- hole not reparable,2018,Chevrolet Silverado ,""1500 2WD Double Cab 143.5"""" LT w/1LT"""
"0737682982502400,MT,Tire replacement,Flat- hole not reparable,2018,RAM ,""1500 SLT 4X2 Quad Cab 6'4"""" Box"""
"0744404432818176,MT,Dent Repair  Left Fender,Collision,2019,Chevrolet Silverado ,1500 LD 4WD Double Cab LT w/1LT"
"0744404432818176,MT,Tire repair,Flat- reparable,2019,Chevrolet Silverado ,1500 LD 4WD Double Cab LT w/1LT"
"0751156365901824,MT,Tire repair,Flat- reparable,2019,RAM ,""1500 Classic SLT 4X2 Crew Cab 6'4"""" Box"""
"0757938781753344,NC,Tire repair,Flat- reparable,2016,RAM ,""1500 4WD Quad Cab 140.5"""" SLT"""
"0764751680372736,NC,Dent Repair  Left Fender,Collision,2017,Chevrolet Silverado ,""1500 4WD Double Cab 143.5"""" LT w/1LT"""
"0771595061760000,NC,Tire repair,Flat- reparable,2018,Chevrolet Silverado ,""1500 2WD Double Cab 143.5"""" LT w/1LT"""
"0778468925915136,NC,Tire replacement,Flat- hole not reparable,2019,Chevrolet Silverado ,1500 LD 4WD Double Cab LT w/1LT"
"0785373272838144,NC,Tire replacement,Flat- hole not reparable,2019,RAM ,""1500 Classic SLT 4X2 Crew Cab 6'4"""" Box"""
"0792308102529024,ND,Battery replacment,Dead battery,2016,RAM ,""1500 4WD Quad Cab 140.5"""" SLT"""
"0799273414987776,ND,Battery replacment,Dead battery,2016,RAM ,""1500 4WD Quad Cab 140.5"""" SLT"""
"0799273414987776,ND,Tire replacement,Flat- hole not reparable,2016,RAM ,""1500 4WD Quad Cab 140.5"""" SLT"""
"0806269210214400,ND,Battery replacment,Dead battery,2017,Chevrolet Silverado ,""1500 4WD Double Cab 143.5"""" LT w/1LT"""
"0806269210214400,ND,Tire repair,Flat- reparable,2017,Chevrolet Silverado ,""1500 4WD Double Cab 143.5"""" LT w/1LT"""
"0806269210214400,ND,Tire replacement,Flat- hole not reparable,2017,Chevrolet Silverado ,""1500 4WD Double Cab 143.5"""" LT w/1LT"""
"0806269210214400,ND,Transmission,slips in and out of gear,2017,Chevrolet Silverado ,""1500 4WD Double Cab 143.5"""" LT w/1LT"""
"0806269210214400,ND,Windshield replacement,Crack,2017,Chevrolet Silverado ,""1500 4WD Double Cab 143.5"""" LT w/1LT"""
"0813295488208896,ND,Tire repair,Flat- reparable,2018,RAM ,""1500 SLT 4X2 Quad Cab 6'4"""" Box"""
"0820352248971264,NE,Battery replacment,Dead battery,2017,Chevrolet Silverado ,""1500 4WD Double Cab 143.5"""" LT w/1LT"""
"0827439492501504,NE,Dent Repair  Left Fender,Collision,2018,Chevrolet Silverado ,""1500 2WD Double Cab 143.5"""" LT w/1LT"""
"0827439492501504,NE,Tire repair,Flat- reparable,2018,Chevrolet Silverado ,""1500 2WD Double Cab 143.5"""" LT w/1LT"""
"0834557218799616,NE,Dent Repair  Left Fender,Collision,2018,RAM ,""1500 SLT 4X2 Quad Cab 6'4"""" Box"""
"0841705427865600,NE,Dent Repair  Left Fender,Collision,2019,Chevrolet Silverado ,1500 LD 4WD Double Cab LT w/1LT"
"0841705427865600,NE,Tire repair,Flat- reparable,2019,Chevrolet Silverado ,1500 LD 4WD Double Cab LT w/1LT"
"0848884119699456,NE,Dent Repair  Left Fender,Collision,2019,RAM ,""1500 Classic SLT 4X2 Crew Cab 6'4"""" Box"""
"0848884119699456,NE,Dent Repair Rear,Collision,2019,RAM ,""1500 Classic SLT 4X2 Crew Cab 6'4"""" Box"""
"0848884119699456,NE,Tire repair,Flat- reparable,2019,RAM ,""1500 Classic SLT 4X2 Crew Cab 6'4"""" Box"""
"0856093294301184,NH,Fuel Tank,Hole,2016,RAM ,""1500 4WD Quad Cab 140.5"""" SLT"""
"0856093294301184,NH,Rocker Panel,Rust,2016,RAM ,""1500 4WD Quad Cab 140.5"""" SLT"""
"0856093294301184,NH,Shocks,Rust,2016,RAM ,""1500 4WD Quad Cab 140.5"""" SLT"""
"0856093294301184,NH,Struts,Rust,2016,RAM ,""1500 4WD Quad Cab 140.5"""" SLT"""
"0863332951670784,NH,Brake line replacement,Corrosion,2017,Chevrolet Silverado ,""1500 4WD Double Cab 143.5"""" LT w/1LT"""
"0863332951670784,NH,Brake line replacement,Corrosion,2017,Chevrolet Silverado ,""1500 4WD Double Cab 143.5"""" LT w/1LT"""
"0863332951670784,NH,Cab corner panel,Rust,2017,Chevrolet Silverado ,""1500 4WD Double Cab 143.5"""" LT w/1LT"""
"0863332951670784,NH,Fender replacement ,Rust,2017,Chevrolet Silverado ,""1500 4WD Double Cab 143.5"""" LT w/1LT"""
"0863332951670784,NH,Fuel Tank,Corrosion,2017,Chevrolet Silverado ,""1500 4WD Double Cab 143.5"""" LT w/1LT"""
"0863332951670784,NH,Rocker Panel,Rust,2017,Chevrolet Silverado ,""1500 4WD Double Cab 143.5"""" LT w/1LT"""
"0870603091808256,NH,Cab corner panel,Rust,2017,Chevrolet Silverado ,""1500 4WD Double Cab 143.5"""" LT w/1LT"""
"0877903714713600,NH,Cab corner panel,Rust,2017,Chevrolet Silverado ,""1500 4WD Double Cab 143.5"""" LT w/1LT"""
"0885234820386816,NH,Cab corner panel,Rust,2017,Chevrolet Silverado ,""1500 4WD Double Cab 143.5"""" LT w/1LT"""
"0892596408827904,NH,Cab corner panel,Rust,2017,Chevrolet Silverado ,""1500 4WD Double Cab 143.5"""" LT w/1LT"""
"0899988480036864,NH,Cab corner panel,Rust,2017,Chevrolet Silverado ,""1500 4WD Double Cab 143.5"""" LT w/1LT"""
"0907411034013696,NH,Cab corner panel,Rust,2017,Chevrolet Silverado ,""1500 4WD Double Cab 143.5"""" LT w/1LT"""
"0914864070758400,NH,Dent Repair  Left Fender,Collision,2018,Chevrolet Silverado ,""1500 2WD Double Cab 143.5"""" LT w/1LT"""
"0952586496000000,NH,Rocker Panel,Rust,2018,RAM ,""1500 SLT 4X2 Quad Cab 6'4"""" Box"""
"0952586496000000,NH,Tire replacement,Flat- hole not reparable,2018,RAM ,""1500 SLT 4X2 Quad Cab 6'4"""" Box"""
"0952586496000000,NH,Wheel Arch,Rust,2018,RAM ,""1500 SLT 4X2 Quad Cab 6'4"""" Box"""
"0952586496000000,NH,Windshield replacement,Crack,2018,RAM ,""1500 SLT 4X2 Quad Cab 6'4"""" Box"""
"0960222429351936,NJ,Battery replacment,Dead battery,2016,RAM ,""1500 4WD Quad Cab 140.5"""" SLT"""
"0960222429351936,NJ,Cab corner panel,Rust,2016,RAM ,""1500 4WD Quad Cab 140.5"""" SLT"""
"0967888845471744,NJ,Cab corner panel,Rust,2016,RAM ,""1500 4WD Quad Cab 140.5"""" SLT"""
"0975585744359424,NJ,Cab corner panel,Rust,2016,RAM ,""1500 4WD Quad Cab 140.5"""" SLT"""
"0983313126014976,NJ,Cab corner panel,Rust,2016,RAM ,""1500 4WD Quad Cab 140.5"""" SLT"""
"0991070990438400,NJ,Cab corner panel,Rust,2016,RAM ,""1500 4WD Quad Cab 140.5"""" SLT"""
"0998859337629696,NJ,Cab corner panel,Rust,2016,RAM ,""1500 4WD Quad Cab 140.5"""" SLT"""
"1006678167588860,NJ,Cab corner panel,Rust,2016,RAM ,""1500 4WD Quad Cab 140.5"""" SLT"""
"1014527480315900,NJ,Cab corner panel,Rust,2016,RAM ,""1500 4WD Quad Cab 140.5"""" SLT"""
"1022407275810820,NJ,Cab corner panel,Rust,2016,RAM ,""1500 4WD Quad Cab 140.5"""" SLT"""
"1030317554073600,NJ,Cab corner panel,Rust,2016,RAM ,""1500 4WD Quad Cab 140.5"""" SLT"""
"1030317554073600,NJ,Shocks,Rust,2016,RAM ,""1500 4WD Quad Cab 140.5"""" SLT"""
"1030317554073600,NJ,Struts,Rust,2016,RAM ,""1500 4WD Quad Cab 140.5"""" SLT"""
"1038258315104260,NJ,Battery replacment,Dead battery,2017,Chevrolet Silverado ,""1500 4WD Double Cab 143.5"""" LT w/1LT"""
"1038258315104260,NJ,Brake line replacement,Corrosion,2017,Chevrolet Silverado ,""1500 4WD Double Cab 143.5"""" LT w/1LT"""
"1038258315104260,NJ,Fender replacement ,Rust,2017,Chevrolet Silverado ,""1500 4WD Double Cab 143.5"""" LT w/1LT"""
"1038258315104260,NJ,Fuel Tank,Corrosion,2017,Chevrolet Silverado ,""1500 4WD Double Cab 143.5"""" LT w/1LT"""
"1038258315104260,NJ,Wheel Arch,Rust,2017,Chevrolet Silverado ,""1500 4WD Double Cab 143.5"""" LT w/1LT"""
"1046229558902780,NJ,Fuel Tank,Hole,2017,Chevrolet Silverado ,""1500 4WD Double Cab 143.5"""" LT w/1LT"""
"1054231285469180,NJ,Tire replacement,Flat- hole not reparable,2018,Chevrolet Silverado ,""1500 2WD Double Cab 143.5"""" LT w/1LT"""
"1062263494803460,NJ,Rocker Panel,Rust,2018,RAM ,""1500 SLT 4X2 Quad Cab 6'4"""" Box"""
"1070326186905600,NJ,Rocker Panel,Rust,2018,RAM ,""1500 SLT 4X2 Quad Cab 6'4"""" Box"""
"1078419361775620,NM,Battery replacment,Dead battery,2016,RAM ,""1500 4WD Quad Cab 140.5"""" SLT"""
"1086543019413500,NM,Dent Repair Rear,Collision,2018,Chevrolet Silverado ,""1500 2WD Double Cab 143.5"""" LT w/1LT"""
"1086543019413500,NM,Tire replacement,Flat- hole not reparable,2019,Chevrolet Silverado ,1500 LD 4WD Double Cab LT w/1LT"
"1086543019413500,NM,Windshield replacement,Crack,2018,Chevrolet Silverado ,""1500 2WD Double Cab 143.5"""" LT w/1LT"""
"1094697159819260,NM,Dent Repair Rear,Collision,2018,RAM ,""1500 SLT 4X2 Quad Cab 6'4"""" Box"""
"1102881782992900,NM,Dent Repair  Left Fender,Collision,2019,RAM ,""1500 Classic SLT 4X2 Crew Cab 6'4"""" Box"""
"1102881782992900,NM,Tire replacement,Flat- hole not reparable,2019,RAM ,""1500 Classic SLT 4X2 Crew Cab 6'4"""" Box"""
"1111096888934400,NV,Battery replacment,Dead battery,2016,RAM ,""1500 4WD Quad Cab 140.5"""" SLT"""
"1111096888934400,NV,Tire repair,Flat- reparable,2016,RAM ,""1500 4WD Quad Cab 140.5"""" SLT"""
"1119342477643780,NV,Battery replacment,Dead battery,2017,Chevrolet Silverado ,""1500 4WD Double Cab 143.5"""" LT w/1LT"""
"1119342477643780,NV,Tire repair,Flat- reparable,2017,Chevrolet Silverado ,""1500 4WD Double Cab 143.5"""" LT w/1LT"""
"1127618549121020,NV,Dent Repair  Left Fender,Collision,2019,Chevrolet Silverado ,1500 LD 4WD Double Cab LT w/1LT"
"1135925103366140,NY,Brake line replacement,Corrosion,2016,RAM ,""1500 4WD Quad Cab 140.5"""" SLT"""
"1135925103366140,NY,Cab corner panel,Rust,2016,RAM ,""1500 4WD Quad Cab 140.5"""" SLT"""
"1135925103366140,NY,Fuel Tank,Hole,2016,RAM ,""1500 4WD Quad Cab 140.5"""" SLT"""
"1144262140379140,NY,Cab corner panel,Rust,2016,RAM ,""1500 4WD Quad Cab 140.5"""" SLT"""
"1152629660160000,NY,Cab corner panel,Rust,2016,RAM ,""1500 4WD Quad Cab 140.5"""" SLT"""
"1161027662708740,NY,Cab corner panel,Rust,2016,RAM ,""1500 4WD Quad Cab 140.5"""" SLT"""
"1169456148025340,NY,Cab corner panel,Rust,2016,RAM ,""1500 4WD Quad Cab 140.5"""" SLT"""
"1177915116109820,NY,Cab corner panel,Rust,2016,RAM ,""1500 4WD Quad Cab 140.5"""" SLT"""
"1177915116109820,NY,Shocks,Rust,2016,RAM ,""1500 4WD Quad Cab 140.5"""" SLT"""
"1177915116109820,NY,Struts,Rust,2016,RAM ,""1500 4WD Quad Cab 140.5"""" SLT"""
"1186404566962180,NY,Cab corner panel,Rust,2016,RAM ,""1500 4WD Quad Cab 140.5"""" SLT"""
"1186404566962180,NY,Shocks,Rust,2016,RAM ,""1500 4WD Quad Cab 140.5"""" SLT"""
"1186404566962180,NY,Struts,Rust,2016,RAM ,""1500 4WD Quad Cab 140.5"""" SLT"""
"1194924500582400,NY,Fender replacement ,Rust,2017,Chevrolet Silverado ,""1500 4WD Double Cab 143.5"""" LT w/1LT"""
"1194924500582400,NY,Fuel Tank,Corrosion,2017,Chevrolet Silverado ,""1500 4WD Double Cab 143.5"""" LT w/1LT"""
"1194924500582400,NY,Wheel Arch,Rust,2017,Chevrolet Silverado ,""1500 4WD Double Cab 143.5"""" LT w/1LT"""
"1203474916970500,NY,Wheel Arch,Rust,2017,Chevrolet Silverado ,""1500 4WD Double Cab 143.5"""" LT w/1LT"""
"1212055816126460,NY,Dent Repair  Left Fender,Collision,2018,Chevrolet Silverado ,""1500 2WD Double Cab 143.5"""" LT w/1LT"""
"1212055816126460,NY,Tire replacement,Flat- hole not reparable,2018,Chevrolet Silverado ,""1500 2WD Double Cab 143.5"""" LT w/1LT"""
"1220667198050300,NY,Rocker Panel,Rust,2018,RAM ,""1500 SLT 4X2 Quad Cab 6'4"""" Box"""
"1220667198050300,NY,Wheel Arch,Rust,2018,RAM ,""1500 SLT 4X2 Quad Cab 6'4"""" Box"""
"1229309062742020,NY,Rocker Panel,Rust,2018,RAM ,""1500 SLT 4X2 Quad Cab 6'4"""" Box"""
"1229309062742020,NY,Wheel Arch,Rust,2018,RAM ,""1500 SLT 4X2 Quad Cab 6'4"""" Box"""
"1237981410201600,NY,Tire replacement,Flat- hole not reparable,2019,RAM ,""1500 Classic SLT 4X2 Crew Cab 6'4"""" Box"""
"1246684240429060,OH,Brake line replacement,Corrosion,2016,RAM ,""1500 4WD Quad Cab 140.5"""" SLT"""
"1246684240429060,OH,Cab corner panel,Rust,2016,RAM ,""1500 4WD Quad Cab 140.5"""" SLT"""
"1246684240429060,OH,Shocks,Rust,2016,RAM ,""1500 4WD Quad Cab 140.5"""" SLT"""
"1246684240429060,OH,Struts,Rust,2016,RAM ,""1500 4WD Quad Cab 140.5"""" SLT"""
"1255417553424380,OH,Cab corner panel,Rust,2017,Chevrolet Silverado ,""1500 4WD Double Cab 143.5"""" LT w/1LT"""
"1255417553424380,OH,Fender replacement ,Rust,2017,Chevrolet Silverado ,""1500 4WD Double Cab 143.5"""" LT w/1LT"""
"1255417553424380,OH,Fuel Tank,Corrosion,2017,Chevrolet Silverado ,""1500 4WD Double Cab 143.5"""" LT w/1LT"""
"1255417553424380,OH,Wheel Arch,Rust,2017,Chevrolet Silverado ,""1500 4WD Double Cab 143.5"""" LT w/1LT"""
"1264181349187580,OH,Fuel Tank,Hole,2017,Chevrolet Silverado ,""1500 4WD Double Cab 143.5"""" LT w/1LT"""
"1264181349187580,OH,Wheel Arch,Rust,2017,Chevrolet Silverado ,""1500 4WD Double Cab 143.5"""" LT w/1LT"""
"1272975627718660,OH,Wheel Arch,Rust,2017,Chevrolet Silverado ,""1500 4WD Double Cab 143.5"""" LT w/1LT"""
"1281800389017600,OH,Transmission,slips in and out of gear,2017,Chevrolet Silverado ,""1500 4WD Double Cab 143.5"""" LT w/1LT"""
"1281800389017600,OH,Wheel Arch,Rust,2017,Chevrolet Silverado ,""1500 4WD Double Cab 143.5"""" LT w/1LT"""
"1290655633084420,OH,Transmission,slips in and out of gear,2017,Chevrolet Silverado ,""1500 4WD Double Cab 143.5"""" LT w/1LT"""
"1290655633084420,OH,Wheel Arch,Rust,2017,Chevrolet Silverado ,""1500 4WD Double Cab 143.5"""" LT w/1LT"""
"1299541359919100,OH,Rocker Panel,Rust,2018,RAM ,""1500 SLT 4X2 Quad Cab 6'4"""" Box"""
"1299541359919100,OH,Wheel Arch,Rust,2018,RAM ,""1500 SLT 4X2 Quad Cab 6'4"""" Box"""
"1308457569521660,OH,Rocker Panel,Rust,2018,RAM ,""1500 SLT 4X2 Quad Cab 6'4"""" Box"""
"1308457569521660,OH,Wheel Arch,Rust,2018,RAM ,""1500 SLT 4X2 Quad Cab 6'4"""" Box"""
"1317404261892100,OH,Wheel Arch,Rust,2018,RAM ,""1500 SLT 4X2 Quad Cab 6'4"""" Box"""
"1326381437030400,OH,Wheel Arch,Rust,2018,RAM ,""1500 SLT 4X2 Quad Cab 6'4"""" Box"""
"1335389094936580,OH,Wheel Arch,Rust,2018,RAM ,""1500 SLT 4X2 Quad Cab 6'4"""" Box"""
"1344427235610620,OH,Wheel Arch,Rust,2018,RAM ,""1500 SLT 4X2 Quad Cab 6'4"""" Box"""
"1353495859052540,OH,Tire replacement,Flat- hole not reparable,2019,Chevrolet Silverado ,1500 LD 4WD Double Cab LT w/1LT"
"1362594965262340,OH,Dent Repair  Left Fender,Collision,2019,RAM ,""1500 Classic SLT 4X2 Crew Cab 6'4"""" Box"""
"1362594965262340,OH,Dent Repair Rear,Collision,2019,RAM ,""1500 Classic SLT 4X2 Crew Cab 6'4"""" Box"""
"1362594965262340,OH,Windshield replacement,Crack,2019,RAM ,""1500 Classic SLT 4X2 Crew Cab 6'4"""" Box"""
"1371724554240000,OK,Battery replacment,Dead battery,2016,RAM ,""1500 4WD Quad Cab 140.5"""" SLT"""
"1371724554240000,OK,Tire repair,Flat- reparable,2016,RAM ,""1500 4WD Quad Cab 140.5"""" SLT"""
"1371724554240000,OK,Windshield replacement,Crack,2016,RAM ,""1500 4WD Quad Cab 140.5"""" SLT"""
"1380884625985540,OK,Tire repair,Flat- reparable,2017,Chevrolet Silverado ,""1500 4WD Double Cab 143.5"""" LT w/1LT"""
"1380884625985540,OK,Transmission,slips in and out of gear,2017,Chevrolet Silverado ,""1500 4WD Double Cab 143.5"""" LT w/1LT"""
"1390075180498940,OK,Transmission,slips in and out of gear,2017,Chevrolet Silverado ,""1500 4WD Double Cab 143.5"""" LT w/1LT"""
"1399296217780220,OK,Transmission,slips in and out of gear,2017,Chevrolet Silverado ,""1500 4WD Double Cab 143.5"""" LT w/1LT"""
"1408547737829380,OK,Transmission,slips in and out of gear,2017,Chevrolet Silverado ,""1500 4WD Double Cab 143.5"""" LT w/1LT"""
"1417829740646400,OK,Transmission,slips in and out of gear,2017,Chevrolet Silverado ,""1500 4WD Double Cab 143.5"""" LT w/1LT"""
"1427142226231300,OK,Transmission,slips in and out of gear,2017,Chevrolet Silverado ,""1500 4WD Double Cab 143.5"""" LT w/1LT"""
"1436485194584060,OK,Tire repair,Flat- reparable,2018,Chevrolet Silverado ,""1500 2WD Double Cab 143.5"""" LT w/1LT"""
"1436485194584060,OK,Tire replacement,Flat- hole not reparable,2018,Chevrolet Silverado ,""1500 2WD Double Cab 143.5"""" LT w/1LT"""
"1445858645704700,OK,Tire repair,Flat- reparable,2018,Chevrolet Silverado ,""1500 2WD Double Cab 143.5"""" LT w/1LT"""
"1445858645704700,OK,Tire replacement,Flat- hole not reparable,2018,Chevrolet Silverado ,""1500 2WD Double Cab 143.5"""" LT w/1LT"""
"1455262579593220,OK,Dent Repair  Left Fender,Collision,2019,Chevrolet Silverado ,1500 LD 4WD Double Cab LT w/1LT"
"1455262579593220,OK,Dent Repair Rear,Collision,2018,RAM ,""1500 SLT 4X2 Quad Cab 6'4"""" Box"""
"1455262579593220,OK,Tire repair,Flat- reparable,2018,RAM ,""1500 SLT 4X2 Quad Cab 6'4"""" Box"""
"1464696996249600,OK,Tire repair,Flat- reparable,2018,RAM ,""1500 SLT 4X2 Quad Cab 6'4"""" Box"""
"1474161895673860,OK,Tire repair,Flat- reparable,2019,Chevrolet Silverado ,1500 LD 4WD Double Cab LT w/1LT"
"1474161895673860,OK,Windshield replacement,Crack,2019,Chevrolet Silverado ,1500 LD 4WD Double Cab LT w/1LT"
"1483657277865980,OK,Tire repair,Flat- reparable,2019,Chevrolet Silverado ,1500 LD 4WD Double Cab LT w/1LT"
"1483657277865980,OK,Tire replacement,Flat- hole not reparable,2019,Chevrolet Silverado ,1500 LD 4WD Double Cab LT w/1LT"
"1493183142825980,OK,Tire repair,Flat- reparable,2019,RAM ,""1500 Classic SLT 4X2 Crew Cab 6'4"""" Box"""
"1493183142825980,OK,Tire repair,Flat- reparable,2019,RAM ,""1500 Classic SLT 4X2 Crew Cab 6'4"""" Box"""
"1493183142825980,OK,Tire replacement,Flat- hole not reparable,2019,RAM ,""1500 Classic SLT 4X2 Crew Cab 6'4"""" Box"""
"1502739490553860,OR,Tire replacement,Flat- hole not reparable,2016,RAM ,""1500 4WD Quad Cab 140.5"""" SLT"""
"1512326321049600,OR,Battery replacment,Dead battery,2017,Chevrolet Silverado ,""1500 4WD Double Cab 143.5"""" LT w/1LT"""
"1512326321049600,OR,Tire replacement,Flat- hole not reparable,2017,Chevrolet Silverado ,""1500 4WD Double Cab 143.5"""" LT w/1LT"""
"1512326321049600,OR,Windshield replacement,Crack,2017,Chevrolet Silverado ,""1500 4WD Double Cab 143.5"""" LT w/1LT"""
"1521943634313220,PA,Battery replacment,Dead battery,2016,RAM ,""1500 4WD Quad Cab 140.5"""" SLT"""
"1521943634313220,PA,Brake line replacement,Corrosion,2016,RAM ,""1500 4WD Quad Cab 140.5"""" SLT"""
"1521943634313220,PA,Cab corner panel,Rust,2016,RAM ,""1500 4WD Quad Cab 140.5"""" SLT"""
"1521943634313220,PA,Fender replacement ,Rust,2016,RAM ,""1500 4WD Quad Cab 140.5"""" SLT"""
"1521943634313220,PA,Fuel tank,Hole,2016,RAM ,""1500 4WD Quad Cab 140.5"""" SLT"""
"1521943634313220,PA,Shocks,Rust,2016,RAM ,""1500 4WD Quad Cab 140.5"""" SLT"""
"1521943634313220,PA,Struts,Rust,2016,RAM ,""1500 4WD Quad Cab 140.5"""" SLT"""
"1521943634313220,PA,Tire repair,Flat- reparable,2016,RAM ,""1500 4WD Quad Cab 140.5"""" SLT"""
"1521943634313220,OR,Windshield replacement,Crack,2018,RAM ,""1500 SLT 4X2 Quad Cab 6'4"""" Box"""
"1531591430344700,PA,Struts,Rust,2016,RAM ,""1500 4WD Quad Cab 140.5"""" SLT"""
"1541269709144060,PA,Fender replacement ,Rust,2017,Chevrolet Silverado ,""1500 4WD Double Cab 143.5"""" LT w/1LT"""
"1541269709144060,PA,Fuel Tank,Corrosion,2017,Chevrolet Silverado ,""1500 4WD Double Cab 143.5"""" LT w/1LT"""
"1541269709144060,PA,Tire repair,Flat- reparable,2017,Chevrolet Silverado ,""1500 4WD Double Cab 143.5"""" LT w/1LT"""
"1541269709144060,PA,Wheel Arch,Rust,2017,Chevrolet Silverado ,""1500 4WD Double Cab 143.5"""" LT w/1LT"""
"1550978470711300,PA,Wheel Arch,Rust,2017,Chevrolet Silverado ,""1500 4WD Double Cab 143.5"""" LT w/1LT"""
"1560717715046400,PA,Wheel Arch,Rust,2017,Chevrolet Silverado ,""1500 4WD Double Cab 143.5"""" LT w/1LT"""
"1570487442149380,PA,Wheel Arch,Rust,2017,Chevrolet Silverado ,""1500 4WD Double Cab 143.5"""" LT w/1LT"""
"1580287652020220,PA,Wheel Arch,Rust,2017,Chevrolet Silverado ,""1500 4WD Double Cab 143.5"""" LT w/1LT"""
"1590118344658940,PA,Wheel Arch,Rust,2017,Chevrolet Silverado ,""1500 4WD Double Cab 143.5"""" LT w/1LT"""
"1599979520065540,PA,Dent Repair  Left Fender,Collision,2018,Chevrolet Silverado ,""1500 2WD Double Cab 143.5"""" LT w/1LT"""
"1599979520065540,PA,Windshield replacement,Crack,2018,Chevrolet Silverado ,""1500 2WD Double Cab 143.5"""" LT w/1LT"""
"1609871178240000,PA,Rocker Panel,Rust,2018,RAM ,""1500 SLT 4X2 Quad Cab 6'4"""" Box"""
"1609871178240000,PA,Wheel Arch,Rust,2018,RAM ,""1500 SLT 4X2 Quad Cab 6'4"""" Box"""
"1619793319182340,PA,Wheel Arch,Rust,2018,RAM ,""1500 SLT 4X2 Quad Cab 6'4"""" Box"""
"1629745942892540,PA,Wheel Arch,Rust,2018,RAM ,""1500 SLT 4X2 Quad Cab 6'4"""" Box"""
"1639729049370620,PA,Wheel Arch,Rust,2018,RAM ,""1500 SLT 4X2 Quad Cab 6'4"""" Box"""
"1649742638616580,PA,Wheel Arch,Rust,2018,RAM ,""1500 SLT 4X2 Quad Cab 6'4"""" Box"""
"1659786710630400,RI,Brake line replacement,Corrosion,2016,RAM ,""1500 4WD Quad Cab 140.5"""" SLT"""
"1659786710630400,RI,Fender replacement ,Rust,2016,RAM ,""1500 4WD Quad Cab 140.5"""" SLT"""
"1659786710630400,RI,Rocker Panel,Rust,2016,RAM ,""1500 4WD Quad Cab 140.5"""" SLT"""
"1659786710630400,RI,Shocks,Rust,2016,RAM ,""1500 4WD Quad Cab 140.5"""" SLT"""
"1659786710630400,RI,Struts,Rust,2016,RAM ,""1500 4WD Quad Cab 140.5"""" SLT"""
"1669861265412100,RI,Struts,Rust,2016,RAM ,""1500 4WD Quad Cab 140.5"""" SLT"""
"1669861265412100,RI,Struts,Rust,2016,RAM ,""1500 4WD Quad Cab 140.5"""" SLT"""
"1669861265412100,RI,Struts,Rust,2016,RAM ,""1500 4WD Quad Cab 140.5"""" SLT"""
"1669861265412100,RI,Struts,Rust,2016,RAM ,""1500 4WD Quad Cab 140.5"""" SLT"""
"1669861265412100,RI,Struts,Rust,2016,RAM ,""1500 4WD Quad Cab 140.5"""" SLT"""
"1669861265412100,RI,Struts,Rust,2016,RAM ,""1500 4WD Quad Cab 140.5"""" SLT"""
"1669861265412100,RI,Struts,Rust,2016,RAM ,""1500 4WD Quad Cab 140.5"""" SLT"""
"1669861265412100,RI,Struts,Rust,2016,RAM ,""1500 4WD Quad Cab 140.5"""" SLT"""
"1679966302961660,RI,Cab corner panel,Rust,2017,Chevrolet Silverado ,""1500 4WD Double Cab 143.5"""" LT w/1LT"""
"1679966302961660,RI,Fender replacement ,Rust,2017,Chevrolet Silverado ,""1500 4WD Double Cab 143.5"""" LT w/1LT"""
"1679966302961660,RI,Fuel Tank,Corrosion,2017,Chevrolet Silverado ,""1500 4WD Double Cab 143.5"""" LT w/1LT"""
"1679966302961660,RI,Wheel Arch,Rust,2017,Chevrolet Silverado ,""1500 4WD Double Cab 143.5"""" LT w/1LT"""
"1690101823279100,RI,Fender replacement ,Rust,2017,Chevrolet Silverado ,""1500 4WD Double Cab 143.5"""" LT w/1LT"""
"1690101823279100,RI,Fuel tank,Hole,2017,Chevrolet Silverado ,""1500 4WD Double Cab 143.5"""" LT w/1LT"""
"1700267826364420,RI,Transmission,slips in and out of gear,2018,Chevrolet Silverado ,""1500 2WD Double Cab 143.5"""" LT w/1LT"""
"1710464312217600,RI,Wheel Arch,Rust,2018,RAM ,""1500 SLT 4X2 Quad Cab 6'4"""" Box"""
"1720691280838660,RI,Wheel Arch,Rust,2018,RAM ,""1500 SLT 4X2 Quad Cab 6'4"""" Box"""
"1730948732227580,RI,Windshield replacement,Crack,2019,Chevrolet Silverado ,1500 LD 4WD Double Cab LT w/1LT"
"1741236666384380,RI,Windshield replacement,Crack,2019,RAM ,""1500 Classic SLT 4X2 Crew Cab 6'4"""" Box"""
"1751555083309060,SC,Transmission,slips in and out of gear,2016,RAM ,""1500 4WD Quad Cab 140.5"""" SLT"""
"1751555083309060,SC,Windshield replacement,Crack,2016,RAM ,""1500 4WD Quad Cab 140.5"""" SLT"""
"1761903983001600,SC,Transmission,slips in and out of gear,2016,RAM ,""1500 4WD Quad Cab 140.5"""" SLT"""
"1772283365462020,SC,Transmission,slips in and out of gear,2016,RAM ,""1500 4WD Quad Cab 140.5"""" SLT"""
"1782693230690300,SC,Transmission,slips in and out of gear,2016,RAM ,""1500 4WD Quad Cab 140.5"""" SLT"""
"1793133578686460,SC,Transmission,slips in and out of gear,2016,RAM ,""1500 4WD Quad Cab 140.5"""" SLT"""
"1803604409450500,SC,Transmission,slips in and out of gear,2016,RAM ,""1500 4WD Quad Cab 140.5"""" SLT"""
"1814105722982400,SC,Transmission,slips in and out of gear,2016,RAM ,""1500 4WD Quad Cab 140.5"""" SLT"""
"1824637519282180,SC,Transmission,slips in and out of gear,2016,RAM ,""1500 4WD Quad Cab 140.5"""" SLT"""
"1835199798349820,SC,Windshield replacement,Crack,2017,Chevrolet Silverado ,""1500 4WD Double Cab 143.5"""" LT w/1LT"""
"1845792560185340,SC,Dent Repair Rear,Collision,2018,Chevrolet Silverado ,""1500 2WD Double Cab 143.5"""" LT w/1LT"""
"1845792560185340,SC,Tire repair,Flat- reparable,2018,Chevrolet Silverado ,""1500 2WD Double Cab 143.5"""" LT w/1LT"""
"1845792560185340,SC,Transmission,slips in and out of gear,2018,Chevrolet Silverado ,""1500 2WD Double Cab 143.5"""" LT w/1LT"""
"1856415804788740,SC,Tire repair,Flat- reparable,2018,RAM ,""1500 SLT 4X2 Quad Cab 6'4"""" Box"""
"1867069532160000,SD,Tire replacement,Flat- hole not reparable,2018,Chevrolet Silverado ,""1500 2WD Double Cab 143.5"""" LT w/1LT"""
"1867069532160000,SD,Windshield replacement,Crack,2018,Chevrolet Silverado ,""1500 2WD Double Cab 143.5"""" LT w/1LT"""
"1877753742299140,SD,Dent Repair Rear,Collision,2018,RAM ,""1500 SLT 4X2 Quad Cab 6'4"""" Box"""
"1877753742299140,SD,Tire replacement,Flat- hole not reparable,2018,RAM ,""1500 SLT 4X2 Quad Cab 6'4"""" Box"""
"1877753742299140,SD,Windshield replacement,Crack,2018,RAM ,""1500 SLT 4X2 Quad Cab 6'4"""" Box"""
"1888468435206140,SD,Dent Repair  Left Fender,Collision,2019,RAM ,""1500 Classic SLT 4X2 Crew Cab 6'4"""" Box"""
"1888468435206140,SD,Dent Repair Rear,Collision,2019,RAM ,""1500 Classic SLT 4X2 Crew Cab 6'4"""" Box"""
"1888468435206140,SD,Tire repair,Flat- reparable,2019,RAM ,""1500 Classic SLT 4X2 Crew Cab 6'4"""" Box"""
"1888468435206140,SD,Windshield replacement,Crack,2019,RAM ,""1500 Classic SLT 4X2 Crew Cab 6'4"""" Box"""
"1899213610881020,TN,Battery replacment,Dead battery,2016,RAM ,""1500 4WD Quad Cab 140.5"""" SLT"""
"1899213610881020,TN,Transmission,slips in and out of gear,2016,RAM ,""1500 4WD Quad Cab 140.5"""" SLT"""
"1909989269323780,TN,Battery replacment,Dead battery,2016,RAM ,""1500 4WD Quad Cab 140.5"""" SLT"""
"1920795410534400,TN,Battery replacment,Dead battery,2016,RAM ,""1500 4WD Quad Cab 140.5"""" SLT"""
"1931632034512900,TN,Battery replacment,Dead battery,2017,Chevrolet Silverado ,""1500 4WD Double Cab 143.5"""" LT w/1LT"""
"1942499141259260,TN,Battery replacment,Dead battery,2017,Chevrolet Silverado ,""1500 4WD Double Cab 143.5"""" LT w/1LT"""
"1953396730773500,TN,Battery replacment,Dead battery,2017,Chevrolet Silverado ,""1500 4WD Double Cab 143.5"""" LT w/1LT"""
"1964324803055620,TN,Dent Repair Rear,Collision,2018,Chevrolet Silverado ,""1500 2WD Double Cab 143.5"""" LT w/1LT"""
"1975283358105600,TN,Tire repair,Flat- reparable,2019,Chevrolet Silverado ,1500 LD 4WD Double Cab LT w/1LT"
"1975283358105600,TN,Windshield replacement,Crack,2019,Chevrolet Silverado ,1500 LD 4WD Double Cab LT w/1LT"
"1986272395923460,TX,Windshield replacement,Crack,2016,RAM ,""1500 4WD Quad Cab 140.5"""" SLT"""
"1986272395923460,TX,Windshield replacement,Crack,2016,RAM ,""1500 4WD Quad Cab 140.5"""" SLT"""
"1997291916509180,TX,Battery replacment,Dead battery,2016,RAM ,""1500 4WD Quad Cab 140.5"""" SLT"""
"2008341919862780,TX,Battery replacment,Dead battery,2017,Chevrolet Silverado ,""1500 4WD Double Cab 143.5"""" LT w/1LT"""
"2008341919862780,TX,Wheel Arch,Rust,2017,Chevrolet Silverado ,""1500 4WD Double Cab 143.5"""" LT w/1LT"""
"2008341919862780,TX,Windshield replacement,Crack,2017,Chevrolet Silverado ,""1500 4WD Double Cab 143.5"""" LT w/1LT"""
"2019422405984260,TX,Windshield replacement,Crack,2017,Chevrolet Silverado ,""1500 4WD Double Cab 143.5"""" LT w/1LT"""
"2030533374873600,TX,Tire repair,Flat- reparable,2018,Chevrolet Silverado ,""1500 2WD Double Cab 143.5"""" LT w/1LT"""
"2041674826530820,TX,Windshield replacement,Crack,2018,RAM ,""1500 SLT 4X2 Quad Cab 6'4"""" Box"""
"2052846760955900,TX,Dent Repair  Left Fender,Collision,2019,Chevrolet Silverado ,1500 LD 4WD Double Cab LT w/1LT"
"2064049178148860,TX,Dent Repair Rear,Collision,2019,RAM ,""1500 Classic SLT 4X2 Crew Cab 6'4"""" Box"""
"2075282078109700,UT,Windshield replacement,Crack,2016,RAM ,""1500 4WD Quad Cab 140.5"""" SLT"""
"2086545460838400,UT,Windshield replacement,Crack,2017,Chevrolet Silverado ,""1500 4WD Double Cab 143.5"""" LT w/1LT"""
"2097839326334980,UT,Dent Repair  Left Fender,Collision,2018,Chevrolet Silverado ,""1500 2WD Double Cab 143.5"""" LT w/1LT"""
"2097839326334980,UT,Windshield replacement,Crack,2018,Chevrolet Silverado ,""1500 2WD Double Cab 143.5"""" LT w/1LT"""
"2109163674599420,UT,Windshield replacement,Crack,2018,RAM ,""1500 SLT 4X2 Quad Cab 6'4"""" Box"""
"2120518505631740,UT,Windshield replacement,Crack,2019,Chevrolet Silverado ,1500 LD 4WD Double Cab LT w/1LT"
"2131903819431940,UT,Dent Repair  Left Fender,Collision,2019,RAM ,""1500 Classic SLT 4X2 Crew Cab 6'4"""" Box"""
"2131903819431940,UT,Tire repair,Flat- reparable,2019,RAM ,""1500 Classic SLT 4X2 Crew Cab 6'4"""" Box"""
"2131903819431940,UT,Tire replacement,Flat- hole not reparable,2019,RAM ,""1500 Classic SLT 4X2 Crew Cab 6'4"""" Box"""
"2131903819431940,UT,Windshield replacement,Crack,2019,RAM ,""1500 Classic SLT 4X2 Crew Cab 6'4"""" Box"""
"2143319616000000,VA,Brake line replacement,Corrosion,2016,RAM ,""1500 4WD Quad Cab 140.5"""" SLT"""
"2143319616000000,VA,Cab corner panel,Rust,2016,RAM ,""1500 4WD Quad Cab 140.5"""" SLT"""
"2143319616000000,VA,Fuel tank,Hole,2016,RAM ,""1500 4WD Quad Cab 140.5"""" SLT"""
"2143319616000000,VA,Shocks,Rust,2016,RAM ,""1500 4WD Quad Cab 140.5"""" SLT"""
"2143319616000000,VA,Tire replacement,Flat- hole not reparable,2016,RAM ,""1500 4WD Quad Cab 140.5"""" SLT"""
"2154765895335940,VA,Brake line replacement,Corrosion,2016,RAM ,""1500 4WD Quad Cab 140.5"""" SLT"""
"2154765895335940,VA,Shocks,Rust,2016,RAM ,""1500 4WD Quad Cab 140.5"""" SLT"""
"2166242657439740,VA,Shocks,Rust,2016,RAM ,""1500 4WD Quad Cab 140.5"""" SLT"""
"2177749902311420,VA,Shocks,Rust,2016,RAM ,""1500 4WD Quad Cab 140.5"""" SLT"""
"2189287629950980,VA,Shocks,Rust,2016,RAM ,""1500 4WD Quad Cab 140.5"""" SLT"""
"2200855840358400,VA,Shocks,Rust,2016,RAM ,""1500 4WD Quad Cab 140.5"""" SLT"""
"2212454533533700,VA,Shocks,Rust,2016,RAM ,""1500 4WD Quad Cab 140.5"""" SLT"""
"2224083709476860,VA,Struts,Rust,2016,RAM ,""1500 4WD Quad Cab 140.5"""" SLT"""
"2235743368187900,VA,Struts,Rust,2016,RAM ,""1500 4WD Quad Cab 140.5"""" SLT"""
"2247433509666820,VA,Struts,Rust,2016,RAM ,""1500 4WD Quad Cab 140.5"""" SLT"""
"2259154133913600,VA,Struts,Rust,2016,RAM ,""1500 4WD Quad Cab 140.5"""" SLT"""
"2270905240928260,VA,Battery replacment,Dead battery,2017,Chevrolet Silverado ,""1500 4WD Double Cab 143.5"""" LT w/1LT"""
"2270905240928260,VA,Fender replacement ,Rust,2017,Chevrolet Silverado ,""1500 4WD Double Cab 143.5"""" LT w/1LT"""
"2270905240928260,VA,Fuel tank,Corrosion,2017,Chevrolet Silverado ,""1500 4WD Double Cab 143.5"""" LT w/1LT"""
"2270905240928260,VA,Rocker Panel,Rust,2017,Chevrolet Silverado ,""1500 4WD Double Cab 143.5"""" LT w/1LT"""
"2270905240928260,VA,Wheel Arch,Rust,2017,Chevrolet Silverado ,""1500 4WD Double Cab 143.5"""" LT w/1LT"""
"2282686830710780,VA,Rocker Panel,Rust,2017,Chevrolet Silverado ,""1500 4WD Double Cab 143.5"""" LT w/1LT"""
"2294498903261180,VA,Wheel Arch,Rust,2018,RAM ,""1500 SLT 4X2 Quad Cab 6'4"""" Box"""
"2294498903261180,VA,Windshield replacement,Crack,2018,Chevrolet Silverado ,""1500 2WD Double Cab 143.5"""" LT w/1LT"""
"2306341458579460,VA,Tire repair,Flat- reparable,2019,Chevrolet Silverado ,1500 LD 4WD Double Cab LT w/1LT"
"2306341458579460,VA,Tire replacement,Flat- hole not reparable,2019,Chevrolet Silverado ,1500 LD 4WD Double Cab LT w/1LT"
"2318214496665600,VT,Battery replacment,Dead battery,2016,RAM ,""1500 4WD Quad Cab 140.5"""" SLT"""
"2318214496665600,VT,Brake line replacement,Corrosion,2016,RAM ,""1500 4WD Quad Cab 140.5"""" SLT"""
"2318214496665600,VT,Fender replacement ,Rust,2016,RAM ,""1500 4WD Quad Cab 140.5"""" SLT"""
"2318214496665600,VT,Rocker Panel,Rust,2016,RAM ,""1500 4WD Quad Cab 140.5"""" SLT"""
"2318214496665600,VT,Shocks,Rust,2016,RAM ,""1500 4WD Quad Cab 140.5"""" SLT"""
"2318214496665600,VT,Struts,Rust,2016,RAM ,""1500 4WD Quad Cab 140.5"""" SLT"""
"2318214496665600,VT,Struts,Rust,2016,RAM ,""1500 4WD Quad Cab 140.5"""" SLT"""
"2330118017519620,VT,Shocks,Rust,2016,RAM ,""1500 4WD Quad Cab 140.5"""" SLT"""
"2330118017519620,VT,Struts,Rust,2016,RAM ,""1500 4WD Quad Cab 140.5"""" SLT"""
"2342052021141500,VT,Shocks,Rust,2016,RAM ,""1500 4WD Quad Cab 140.5"""" SLT"""
"2342052021141500,VT,Struts,Rust,2016,RAM ,""1500 4WD Quad Cab 140.5"""" SLT"""
"2354016507531260,VT,Shocks,Rust,2016,RAM ,""1500 4WD Quad Cab 140.5"""" SLT"""
"2354016507531260,VT,Struts,Rust,2016,RAM ,""1500 4WD Quad Cab 140.5"""" SLT"""
"2366011476688900,VT,Shocks,Rust,2016,RAM ,""1500 4WD Quad Cab 140.5"""" SLT"""
"2366011476688900,VT,Struts,Rust,2016,RAM ,""1500 4WD Quad Cab 140.5"""" SLT"""
"2378036928614400,VT,Cab corner panel,Rust,2017,Chevrolet Silverado ,""1500 4WD Double Cab 143.5"""" LT w/1LT"""
"2378036928614400,VT,Fender replacement ,Rust,2017,Chevrolet Silverado ,""1500 4WD Double Cab 143.5"""" LT w/1LT"""
"2378036928614400,VT,Fuel tank,Corrosion,2017,Chevrolet Silverado ,""1500 4WD Double Cab 143.5"""" LT w/1LT"""
"2390092863307780,VT,Fuel tank,Hole,2017,Chevrolet Silverado ,""1500 4WD Double Cab 143.5"""" LT w/1LT"""
"2402179280769020,VT,Tire repair,Flat- reparable,2018,Chevrolet Silverado ,""1500 2WD Double Cab 143.5"""" LT w/1LT"""
"2414296180998140,WA,Battery replacment,Dead battery,2016,RAM ,""1500 4WD Quad Cab 140.5"""" SLT"""
"2414296180998140,VT,Dent Repair Rear,Collision,2018,RAM ,""1500 SLT 4X2 Quad Cab 6'4"""" Box"""
"2414296180998140,VT,Wheel Arch,Rust,2018,RAM ,""1500 SLT 4X2 Quad Cab 6'4"""" Box"""
"2426443563995140,WA,Tire replacement,Flat- hole not reparable,2017,Chevrolet Silverado ,""1500 4WD Double Cab 143.5"""" LT w/1LT"""
"2438621429760000,WA,Dent Repair  Left Fender,Collision,2019,Chevrolet Silverado ,1500 LD 4WD Double Cab LT w/1LT"
"2438621429760000,WA,Tire repair,Flat- reparable,2019,Chevrolet Silverado ,1500 LD 4WD Double Cab LT w/1LT"
"2450829778292740,WA,Tire repair,Flat- reparable,2019,RAM ,""1500 Classic SLT 4X2 Crew Cab 6'4"""" Box"""
"2450829778292740,WA,Windshield replacement,Crack,2019,RAM ,""1500 Classic SLT 4X2 Crew Cab 6'4"""" Box"""
"2463068609593340,WI,Battery replacment,Dead battery,2016,RAM ,""1500 4WD Quad Cab 140.5"""" SLT"""
"2463068609593340,WI,Cab corner panel,Rust,2016,RAM ,""1500 4WD Quad Cab 140.5"""" SLT"""
"2463068609593340,WI,Fuel Tank,Hole,2016,RAM ,""1500 4WD Quad Cab 140.5"""" SLT"""
"2463068609593340,WI,Shocks,Rust,2016,RAM ,""1500 4WD Quad Cab 140.5"""" SLT"""
"2463068609593340,WI,Struts,Rust,2016,RAM ,""1500 4WD Quad Cab 140.5"""" SLT"""
"2463068609593340,WI,Tire repair,Flat- reparable,2016,RAM ,""1500 4WD Quad Cab 140.5"""" SLT"""
"2475337923661820,WI,Shocks,Rust,2016,RAM ,""1500 4WD Quad Cab 140.5"""" SLT"""
"2475337923661820,WI,Struts,Rust,2016,RAM ,""1500 4WD Quad Cab 140.5"""" SLT"""
"2487637720498180,WI,Shocks,Rust,2016,RAM ,""1500 4WD Quad Cab 140.5"""" SLT"""
"2487637720498180,WI,Struts,Rust,2016,RAM ,""1500 4WD Quad Cab 140.5"""" SLT"""
"2499968000102400,WI,Shocks,Rust,2016,RAM ,""1500 4WD Quad Cab 140.5"""" SLT"""
"2499968000102400,WI,Struts,Rust,2016,RAM ,""1500 4WD Quad Cab 140.5"""" SLT"""
"2512328762474500,WI,Shocks,Rust,2016,RAM ,""1500 4WD Quad Cab 140.5"""" SLT"""
"2512328762474500,WI,Shocks,Rust,2016,RAM ,""1500 4WD Quad Cab 140.5"""" SLT"""
"2512328762474500,WI,Struts,Rust,2016,RAM ,""1500 4WD Quad Cab 140.5"""" SLT"""
"2524720007614460,WI,Battery replacment,Dead battery,2017,Chevrolet Silverado ,""1500 4WD Double Cab 143.5"""" LT w/1LT"""
"2524720007614460,WI,Brake line replacement,Corrosion,2017,Chevrolet Silverado ,""1500 4WD Double Cab 143.5"""" LT w/1LT"""
"2524720007614460,WI,Fender replacement ,Rust,2017,Chevrolet Silverado ,""1500 4WD Double Cab 143.5"""" LT w/1LT"""
"2524720007614460,WI,Fuel Tank,Corrosion,2017,Chevrolet Silverado ,""1500 4WD Double Cab 143.5"""" LT w/1LT"""
"2524720007614460,WI,Rocker Panel,Rust,2017,Chevrolet Silverado ,""1500 4WD Double Cab 143.5"""" LT w/1LT"""
"2524720007614460,WI,Wheel Arch,Rust,2017,Chevrolet Silverado ,""1500 4WD Double Cab 143.5"""" LT w/1LT"""
"2537141735522300,WI,Dent Repair Rear,Collision,2018,Chevrolet Silverado ,""1500 2WD Double Cab 143.5"""" LT w/1LT"""
"2537141735522300,WI,Tire repair,Flat- reparable,2018,Chevrolet Silverado ,""1500 2WD Double Cab 143.5"""" LT w/1LT"""
"2549593946198020,WI,Wheel Arch,Rust,2018,RAM ,""1500 SLT 4X2 Quad Cab 6'4"""" Box"""
"2562076639641600,WI,Windshield replacement,Crack,2019,Chevrolet Silverado ,1500 LD 4WD Double Cab LT w/1LT"
"2574589815853060,WV,Brake line replacement,Corrosion,2016,RAM ,""1500 4WD Quad Cab 140.5"""" SLT"""
"2574589815853060,WV,Fender replacement ,Rust,2016,RAM ,""1500 4WD Quad Cab 140.5"""" SLT"""
"2574589815853060,WV,Shocks,Rust,2016,RAM ,""1500 4WD Quad Cab 140.5"""" SLT"""
"2574589815853060,WV,Windshield replacement,Crack,2016,RAM ,""1500 4WD Quad Cab 140.5"""" SLT"""
"2587133474832380,WV,Shocks,Rust,2016,RAM ,""1500 4WD Quad Cab 140.5"""" SLT"""
"2599707616579580,WV,Shocks,Rust,2016,RAM ,""1500 4WD Quad Cab 140.5"""" SLT"""
"2612312241094660,WV,Shocks,Rust,2016,RAM ,""1500 4WD Quad Cab 140.5"""" SLT"""
"2624947348377600,WV,Shocks,Rust,2016,RAM ,""1500 4WD Quad Cab 140.5"""" SLT"""
"2637612938428420,WV,Shocks,Rust,2016,RAM ,""1500 4WD Quad Cab 140.5"""" SLT"""
"2637612938428420,WV,Struts,Rust,2016,RAM ,""1500 4WD Quad Cab 140.5"""" SLT"""
"2650309011247100,WV,Shocks,Rust,2016,RAM ,""1500 4WD Quad Cab 140.5"""" SLT"""
"2650309011247100,WV,Struts,Rust,2016,RAM ,""1500 4WD Quad Cab 140.5"""" SLT"""
"2663035566833660,WV,Shocks,Rust,2016,RAM ,""1500 4WD Quad Cab 140.5"""" SLT"""
"2663035566833660,WV,Struts,Rust,2016,RAM ,""1500 4WD Quad Cab 140.5"""" SLT"""
"2675792605188100,WV,Shocks,Rust,2016,RAM ,""1500 4WD Quad Cab 140.5"""" SLT"""
"2675792605188100,WV,Transmission,slips in and out of gear,2016,RAM ,""1500 4WD Quad Cab 140.5"""" SLT"""
"2688580126310400,WV,Fuel tank,Corrosion,2017,Chevrolet Silverado ,""1500 4WD Double Cab 143.5"""" LT w/1LT"""
"2688580126310400,WV,Fuel tank,Hole,2017,Chevrolet Silverado ,""1500 4WD Double Cab 143.5"""" LT w/1LT"""
"2688580126310400,WV,Tire repair,Flat- reparable,2017,Chevrolet Silverado ,""1500 4WD Double Cab 143.5"""" LT w/1LT"""
"2701398130200580,WV,Cab corner panel,Rust,2017,Chevrolet Silverado ,""1500 4WD Double Cab 143.5"""" LT w/1LT"""
"2701398130200580,WV,Fender replacement ,Rust,2017,Chevrolet Silverado ,""1500 4WD Double Cab 143.5"""" LT w/1LT"""
"2701398130200580,WV,Fuel tank,Hole,2017,Chevrolet Silverado ,""1500 4WD Double Cab 143.5"""" LT w/1LT"""
"2701398130200580,WV,Rocker Panel,Rust,2017,Chevrolet Silverado ,""1500 4WD Double Cab 143.5"""" LT w/1LT"""
"2701398130200580,WV,Wheel Arch,Rust,2017,Chevrolet Silverado ,""1500 4WD Double Cab 143.5"""" LT w/1LT"""
"2714246616858620,WV,Dent Repair  Left Fender,Collision,2018,Chevrolet Silverado ,""1500 2WD Double Cab 143.5"""" LT w/1LT"""
"2727125586284540,WV,Tire repair,Flat- reparable,2018,RAM ,""1500 SLT 4X2 Quad Cab 6'4"""" Box"""
"2727125586284540,WV,Tire replacement,Flat- hole not reparable,2018,RAM ,""1500 SLT 4X2 Quad Cab 6'4"""" Box"""
"2740035038478340,WY,Battery replacment,Dead battery,2017,Chevrolet Silverado ,""1500 4WD Double Cab 143.5"""" LT w/1LT"""
"2740035038478340,WY,Tire repair,Flat- reparable,2018,Chevrolet Silverado ,""1500 2WD Double Cab 143.5"""" LT w/1LT"""
"2740035038478340,WY,Tire replacement,Flat- hole not reparable,2018,Chevrolet Silverado ,""1500 2WD Double Cab 143.5"""" LT w/1LT"""
"2740035038478340,WY,Windshield replacement,Crack,2017,Chevrolet Silverado ,""1500 4WD Double Cab 143.5"""" LT w/1LT"""
"2752974973440000,WY,Tire repair,Flat- reparable,2019,Chevrolet Silverado ,1500 LD 4WD Double Cab LT w/1LT"
"2765945391169540,WY,Tire repair,Flat- reparable,2019,RAM ,""1500 Classic SLT 4X2 Crew Cab 6'4"""" Box"""
"2765945391169540,WY,Tire replacement,Flat- hole not reparable,2019,RAM ,""1500 Classic SLT 4X2 Crew Cab 6'4"""" Box"""
"2818131889766400,CT,Tire repair,Flat- reparable,2018,Chevrolet Silverado ,""1500 2WD Double Cab 143.5"""" LT w/1LT"""
"2831254721335300,DE,Fuel tank,Corrosion,2016,RAM ,""1500 4WD Quad Cab 140.5"""" SLT"""
"2950731930009600,IA,Fuel tank,Hole,2018,Chevrolet Silverado ,""1500 2WD Double Cab 143.5"""" LT w/1LT"""
"2950731930009600,IA,Tire replacement,Flat- hole not reparable,2018,Chevrolet Silverado ,""1500 2WD Double Cab 143.5"""" LT w/1LT"""
"2964159589257220,IA,Tire repair,Flat- reparable,2019,Chevrolet Silverado ,1500 LD 4WD Double Cab LT w/1LT"
"3018175053926400,ID,Tire replacement,Flat- hole not reparable,2018,Chevrolet Silverado ,""1500 2WD Double Cab 143.5"""" LT w/1LT"""
"3086380247040000,IA,Fuel tank,Corrosion,2017,Chevrolet Silverado ,""1500 4WD Double Cab 143.5"""" LT w/1LT"""
"3113875703660540,NH,Cab corner panel,Rust,2017,Chevrolet Silverado ,""1500 4WD Double Cab 143.5"""" LT "
